n,eval_index,x0,x1,true_probability,predicted_probability
10,0,0.9951847266721969,0.0980171403295606,0.720345522393721,0.5
10,1,0.9569403357322088,0.29028467725446233,0.6924925141865218,0.5
10,2,0.881921264348355,0.47139673682599764,0.6561587968411667,0.5
10,3,0.773010453362737,0.6343932841636455,0.6120206272201574,0.5
10,4,0.6343932841636455,0.773010453362737,0.5616566117763419,0.5
10,5,0.4713967368259978,0.8819212643483549,0.5076084388281474,0.5
10,6,0.29028467725446233,0.9569403357322089,0.4530919782348032,0.5
10,7,0.09801714032956077,0.9951847266721968,0.40141440140168044,0.5
10,8,-0.09801714032956065,0.9951847266721969,0.35534881130485,0.5
10,9,-0.29028467725446216,0.9569403357322089,0.31674851979816093,0.5
10,10,-0.4713967368259977,0.881921264348355,0.28651768895485963,0.5
10,11,-0.6343932841636454,0.7730104533627371,0.2648524184680061,0.5
10,12,-0.773010453362737,0.6343932841636455,0.25157928297639975,0.5
10,13,-0.8819212643483549,0.47139673682599786,0.24645308413003278,0.5
10,14,-0.9569403357322088,0.2902846772544624,0.24934986738809736,0.5
10,15,-0.9951847266721968,0.09801714032956083,0.26034170520357663,0.5
10,16,-0.9951847266721969,-0.09801714032956059,0.2796544776062791,0.5
10,17,-0.9569403357322089,-0.2902846772544621,0.30750748581347814,0.5
10,18,-0.881921264348355,-0.47139673682599764,0.34384120315883326,0.5
10,19,-0.7730104533627371,-0.6343932841636453,0.3879793727798426,0.5
10,20,-0.6343932841636459,-0.7730104533627367,0.438343388223658,0.5
10,21,-0.47139673682599786,-0.8819212643483549,0.4923915611718525,0.5
10,22,-0.29028467725446244,-0.9569403357322088,0.5469080217651968,0.5
10,23,-0.09801714032956045,-0.9951847266721969,0.5985855985983197,0.5
10,24,0.09801714032956009,-0.9951847266721969,0.6446511886951499,0.5
10,25,0.29028467725446205,-0.9569403357322089,0.683251480201839,0.5
10,26,0.4713967368259976,-0.881921264348355,0.7134823110451403,0.5
10,27,0.6343932841636456,-0.7730104533627369,0.7351475815319939,0.5
10,28,0.7730104533627367,-0.6343932841636459,0.7484207170236002,0.5
10,29,0.8819212643483548,-0.4713967368259979,0.7535469158699672,0.5
10,30,0.9569403357322088,-0.2902846772544625,0.7506501326119026,0.5
10,31,0.9951847266721969,-0.0980171403295605,0.7396582947964233,0.5
25,0,0.9951847266721969,0.0980171403295606,0.720345522393721,0.6535206645255435
25,1,0.9569403357322088,0.29028467725446233,0.6924925141865218,0.6502575710419566
25,2,0.881921264348355,0.47139673682599764,0.6561587968411667,0.6415181260665723
25,3,0.773010453362737,0.6343932841636455,0.6120206272201574,0.6274710380974472
25,4,0.6343932841636455,0.773010453362737,0.5616566117763419,0.6084424133256803
25,5,0.4713967368259978,0.8819212643483549,0.5076084388281474,0.5849720220077356
25,6,0.29028467725446233,0.9569403357322089,0.4530919782348032,0.5578588550594906
25,7,0.09801714032956077,0.9951847266721968,0.40141440140168044,0.5281705353047945
25,8,-0.09801714032956065,0.9951847266721969,0.35534881130485,0.49719789826630884
25,9,-0.29028467725446216,0.9569403357322089,0.31674851979816093,0.4663539466778126
25,10,-0.4713967368259977,0.881921264348355,0.28651768895485963,0.4370391099191604
25,11,-0.6343932841636454,0.7730104533627371,0.2648524184680061,0.4105100694148148
25,12,-0.773010453362737,0.6343932841636455,0.25157928297639975,0.38778774082742506
25,13,-0.8819212643483549,0.47139673682599786,0.24645308413003278,0.36962241989660255
25,14,-0.9569403357322088,0.2902846772544624,0.24934986738809736,0.35651142747633296
25,15,-0.9951847266721968,0.09801714032956083,0.26034170520357663,0.3487484849681757
25,16,-0.9951847266721969,-0.09801714032956059,0.2796544776062791,0.34647933547445653
25,17,-0.9569403357322089,-0.2902846772544621,0.30750748581347814,0.34974242895804336
25,18,-0.881921264348355,-0.47139673682599764,0.34384120315883326,0.3584818739334277
25,19,-0.7730104533627371,-0.6343932841636453,0.3879793727798426,0.37252896190255275
25,20,-0.6343932841636459,-0.7730104533627367,0.438343388223658,0.3915575866743196
25,21,-0.47139673682599786,-0.8819212643483549,0.4923915611718525,0.41502797799226443
25,22,-0.29028467725446244,-0.9569403357322088,0.5469080217651968,0.4421411449405094
25,23,-0.09801714032956045,-0.9951847266721969,0.5985855985983197,0.47182946469520554
25,24,0.09801714032956009,-0.9951847266721969,0.6446511886951499,0.5028021017336911
25,25,0.29028467725446205,-0.9569403357322089,0.683251480201839,0.5336460533221874
25,26,0.4713967368259976,-0.881921264348355,0.7134823110451403,0.5629608900808396
25,27,0.6343932841636456,-0.7730104533627369,0.7351475815319939,0.5894899305851852
25,28,0.7730104533627367,-0.6343932841636459,0.7484207170236002,0.6122122591725749
25,29,0.8819212643483548,-0.4713967368259979,0.7535469158699672,0.6303775801033974
25,30,0.9569403357322088,-0.2902846772544625,0.7506501326119026,0.6434885725236671
25,31,0.9951847266721969,-0.0980171403295605,0.7396582947964233,0.6512515150318243
50,0,0.9951847266721969,0.0980171403295606,0.720345522393721,0.7220465840952508
50,1,0.9569403357322088,0.29028467725446233,0.6924925141865218,0.6941504560917076
50,2,0.881921264348355,0.47139673682599764,0.6561587968411667,0.6576992799329728
50,3,0.773010453362737,0.6343932841636455,0.6120206272201574,0.6133519853054495
50,4,0.6343932841636455,0.773010453362737,0.5616566117763419,0.5626829802328009
50,5,0.4713967368259978,0.8819212643483549,0.5076084388281474,0.5082505859443707
50,6,0.29028467725446233,0.9569403357322089,0.4530919782348032,0.45330752106721
50,7,0.09801714032956077,0.9951847266721968,0.40141440140168044,0.4012070380763219
50,8,-0.09801714032956065,0.9951847266721969,0.35534881130485,0.35476195799056903
50,9,-0.29028467725446216,0.9569403357322089,0.31674851979816093,0.3158480412409409
50,10,-0.4713967368259977,0.881921264348355,0.28651768895485963,0.28537321891974043
50,11,-0.6343932841636454,0.7730104533627371,0.2648524184680061,0.2635245263929141
50,12,-0.773010453362737,0.6343932841636455,0.25157928297639975,0.25011456737029325
50,13,-0.8819212643483549,0.47139673682599786,0.24645308413003278,0.2448856838979085
50,14,-0.9569403357322088,0.2902846772544624,0.24934986738809736,0.247706977443491
50,15,-0.9951847266721968,0.09801714032956083,0.26034170520357663,0.2586512209817219
50,16,-0.9951847266721969,-0.09801714032956059,0.2796544776062791,0.2779534159047492
50,17,-0.9569403357322089,-0.2902846772544621,0.30750748581347814,0.3058495439082924
50,18,-0.881921264348355,-0.47139673682599764,0.34384120315883326,0.34230072006702716
50,19,-0.7730104533627371,-0.6343932841636453,0.3879793727798426,0.38664801469455046
50,20,-0.6343932841636459,-0.7730104533627367,0.438343388223658,0.43731701976719894
50,21,-0.47139673682599786,-0.8819212643483549,0.4923915611718525,0.4917494140556294
50,22,-0.29028467725446244,-0.9569403357322088,0.5469080217651968,0.5466924789327899
50,23,-0.09801714032956045,-0.9951847266721969,0.5985855985983197,0.5987929619236783
50,24,0.09801714032956009,-0.9951847266721969,0.6446511886951499,0.6452380420094308
50,25,0.29028467725446205,-0.9569403357322089,0.683251480201839,0.6841519587590591
50,26,0.4713967368259976,-0.881921264348355,0.7134823110451403,0.7146267810802596
50,27,0.6343932841636456,-0.7730104533627369,0.7351475815319939,0.736475473607086
50,28,0.7730104533627367,-0.6343932841636459,0.7484207170236002,0.7498854326297067
50,29,0.8819212643483548,-0.4713967368259979,0.7535469158699672,0.7551143161020915
50,30,0.9569403357322088,-0.2902846772544625,0.7506501326119026,0.752293022556509
50,31,0.9951847266721969,-0.0980171403295605,0.7396582947964233,0.7413487790182781
100,0,0.9951847266721969,0.0980171403295606,0.720345522393721,0.7596108732876764
100,1,0.9569403357322088,0.29028467725446233,0.6924925141865218,0.7186684482785118
100,2,0.881921264348355,0.47139673682599764,0.6561587968411667,0.6657763676135858
100,3,0.773010453362737,0.6343932841636455,0.6120206272201574,0.6020316066088486
100,4,0.6343932841636455,0.773010453362737,0.5616566117763419,0.5306674146133838
100,5,0.4713967368259978,0.8819212643483549,0.5076084388281474,0.45685512949030604
100,6,0.29028467725446233,0.9569403357322089,0.4530919782348032,0.38646532061179667
100,7,0.09801714032956077,0.9951847266721968,0.40141440140168044,0.32440135502575684
100,8,-0.09801714032956065,0.9951847266721969,0.35534881130485,0.27351761879668157
100,9,-0.29028467725446216,0.9569403357322089,0.31674851979816093,0.23459598891281788
100,10,-0.4713967368259977,0.881921264348355,0.28651768895485963,0.20705236572034894
100,11,-0.6343932841636454,0.7730104533627371,0.2648524184680061,0.18978167271402582
100,12,-0.773010453362737,0.6343932841636455,0.25157928297639975,0.1817856952789096
100,13,-0.8819212643483549,0.47139673682599786,0.24645308413003278,0.18252205438369482
100,14,-0.9569403357322088,0.2902846772544624,0.24934986738809736,0.19204281279100313
100,15,-0.9951847266721968,0.09801714032956083,0.26034170520357663,0.21098246723349545
100,16,-0.9951847266721969,-0.09801714032956059,0.2796544776062791,0.24038912671232363
100,17,-0.9569403357322089,-0.2902846772544621,0.30750748581347814,0.2813315517214881
100,18,-0.881921264348355,-0.47139673682599764,0.34384120315883326,0.3342236323864141
100,19,-0.7730104533627371,-0.6343932841636453,0.3879793727798426,0.3979683933911513
100,20,-0.6343932841636459,-0.7730104533627367,0.438343388223658,0.46933258538661593
100,21,-0.47139673682599786,-0.8819212643483549,0.4923915611718525,0.543144870509694
100,22,-0.29028467725446244,-0.9569403357322088,0.5469080217651968,0.6135346793882034
100,23,-0.09801714032956045,-0.9951847266721969,0.5985855985983197,0.6755986449742433
100,24,0.09801714032956009,-0.9951847266721969,0.6446511886951499,0.7264823812033183
100,25,0.29028467725446205,-0.9569403357322089,0.683251480201839,0.765404011087182
100,26,0.4713967368259976,-0.881921264348355,0.7134823110451403,0.792947634279651
100,27,0.6343932841636456,-0.7730104533627369,0.7351475815319939,0.8102183272859741
100,28,0.7730104533627367,-0.6343932841636459,0.7484207170236002,0.8182143047210904
100,29,0.8819212643483548,-0.4713967368259979,0.7535469158699672,0.8174779456163052
100,30,0.9569403357322088,-0.2902846772544625,0.7506501326119026,0.8079571872089969
100,31,0.9951847266721969,-0.0980171403295605,0.7396582947964233,0.7890175327665044
200,0,0.9951847266721969,0.0980171403295606,0.720345522393721,0.7360473803551028
200,1,0.9569403357322088,0.29028467725446233,0.6924925141865218,0.6967500598853823
200,2,0.881921264348355,0.47139673682599764,0.6561587968411667,0.6470839098885915
200,3,0.773010453362737,0.6343932841636455,0.6120206272201574,0.5883925501574457
200,4,0.6343932841636455,0.773010453362737,0.5616566117763419,0.5236500950630583
200,5,0.4713967368259978,0.8819212643483549,0.5076084388281474,0.4571999176151648
200,6,0.29028467725446233,0.9569403357322089,0.4530919782348032,0.3938120292875562
200,7,0.09801714032956077,0.9951847266721968,0.40141440140168044,0.33750398149456606
200,8,-0.09801714032956065,0.9951847266721969,0.35534881130485,0.29077154037491654
200,9,-0.29028467725446216,0.9569403357322089,0.31674851979816093,0.2545336027504216
200,10,-0.4713967368259977,0.881921264348355,0.28651768895485963,0.2286024911975287
200,11,-0.6343932841636454,0.7730104533627371,0.2648524184680061,0.2122990670621306
200,12,-0.773010453362737,0.6343932841636455,0.25157928297639975,0.20494980374662103
200,13,-0.8819212643483549,0.47139673682599786,0.24645308413003278,0.20618750325387614
200,14,-0.9569403357322088,0.2902846772544624,0.24934986738809736,0.21607678699384866
200,15,-0.9951847266721968,0.09801714032956083,0.26034170520357663,0.23509355256839898
200,16,-0.9951847266721969,-0.09801714032956059,0.2796544776062791,0.26395261964489725
200,17,-0.9569403357322089,-0.2902846772544621,0.30750748581347814,0.3032499401146176
200,18,-0.881921264348355,-0.47139673682599764,0.34384120315883326,0.35291609011140845
200,19,-0.7730104533627371,-0.6343932841636453,0.3879793727798426,0.41160744984255415
200,20,-0.6343932841636459,-0.7730104533627367,0.438343388223658,0.4763499049369417
200,21,-0.47139673682599786,-0.8819212643483549,0.4923915611718525,0.5428000823848352
200,22,-0.29028467725446244,-0.9569403357322088,0.5469080217651968,0.6061879707124438
200,23,-0.09801714032956045,-0.9951847266721969,0.5985855985983197,0.6624960185054339
200,24,0.09801714032956009,-0.9951847266721969,0.6446511886951499,0.7092284596250834
200,25,0.29028467725446205,-0.9569403357322089,0.683251480201839,0.7454663972495784
200,26,0.4713967368259976,-0.881921264348355,0.7134823110451403,0.7713975088024713
200,27,0.6343932841636456,-0.7730104533627369,0.7351475815319939,0.7877009329378695
200,28,0.7730104533627367,-0.6343932841636459,0.7484207170236002,0.7950501962533789
200,29,0.8819212643483548,-0.4713967368259979,0.7535469158699672,0.7938124967461239
200,30,0.9569403357322088,-0.2902846772544625,0.7506501326119026,0.7839232130061514
200,31,0.9951847266721969,-0.0980171403295605,0.7396582947964233,0.764906447431601
