step,action,reward,instant_regret,cumulative_regret
1,4,0,0.1435795777903952,0.1435795777903952
2,4,1,0.1435795777903952,0.2871591555807904
3,4,1,0.1435795777903952,0.4307387333711856
4,1,0,0.3535179098318595,0.7842566432030451
5,2,0,0.4621171572600098,1.246373800463055
6,2,1,0.4621171572600098,1.7084909577230647
7,4,1,0.1435795777903952,1.85207053551346
8,4,0,0.1435795777903952,1.995650113303855
9,3,0,0.1085992474281503,2.1042493607320054
10,4,0,0.1435795777903952,2.2478289385224004
11,3,0,0.1085992474281503,2.3564281859505507
12,3,1,0.1085992474281503,2.465027433378701
13,0,1,0.0,2.465027433378701
14,4,1,0.1435795777903952,2.608607011169096
15,3,1,0.1085992474281503,2.7172062585972463
16,0,1,0.0,2.7172062585972463
17,2,0,0.4621171572600098,3.1793234158572563
18,1,0,0.3535179098318595,3.532841325689116
19,2,0,0.4621171572600098,3.9949584829491256
20,1,0,0.3535179098318595,4.348476392780985
21,4,1,0.1435795777903952,4.49205597057138
22,3,0,0.1085992474281503,4.600655217999531
23,0,1,0.0,4.600655217999531
24,2,0,0.4621171572600098,5.062772375259541
25,4,0,0.1435795777903952,5.206351953049936
26,1,0,0.3535179098318595,5.559869862881795
27,3,0,0.1085992474281503,5.668469110309946
28,3,1,0.1085992474281503,5.777068357738097
29,3,1,0.1085992474281503,5.8856676051662475
30,0,1,0.0,5.8856676051662475
31,0,1,0.0,5.8856676051662475
32,2,1,0.4621171572600098,6.347784762426257
33,2,1,0.4621171572600098,6.809901919686267
34,2,0,0.4621171572600098,7.272019076946276
35,3,1,0.1085992474281503,7.380618324374426
36,2,0,0.4621171572600098,7.842735481634436
37,3,1,0.1085992474281503,7.9513347290625855
38,3,0,0.1085992474281503,8.059933976490736
39,2,0,0.4621171572600098,8.522051133750747
40,2,0,0.4621171572600098,8.984168291010757
41,4,1,0.1435795777903952,9.127747868801153
42,4,0,0.1435795777903952,9.271327446591549
43,3,1,0.1085992474281503,9.3799266940197
44,3,1,0.1085992474281503,9.48852594144785
45,1,0,0.3535179098318595,9.84204385127971
46,2,1,0.4621171572600098,10.30416100853972
47,0,1,0.0,10.30416100853972
48,4,1,0.1435795777903952,10.447740586330116
49,2,0,0.4621171572600098,10.909857743590127
50,3,1,0.1085992474281503,11.018456991018278
51,0,0,0.0,11.018456991018278
52,3,1,0.1085992474281503,11.127056238446428
53,2,0,0.4621171572600098,11.589173395706439
54,0,0,0.0,11.589173395706439
55,1,1,0.3535179098318595,11.942691305538299
56,4,0,0.1435795777903952,12.086270883328694
57,2,0,0.4621171572600098,12.548388040588705
58,1,1,0.3535179098318595,12.901905950420565
59,4,1,0.1435795777903952,13.04548552821096
60,1,0,0.3535179098318595,13.39900343804282
61,4,1,0.1435795777903952,13.542583015833216
62,4,0,0.1435795777903952,13.686162593623612
63,0,1,0.0,13.686162593623612
64,1,1,0.3535179098318595,14.039680503455472
65,0,1,0.0,14.039680503455472
66,3,1,0.1085992474281503,14.148279750883622
67,4,1,0.1435795777903952,14.291859328674018
68,0,1,0.0,14.291859328674018
69,1,1,0.3535179098318595,14.645377238505878
70,1,0,0.3535179098318595,14.998895148337738
71,2,0,0.4621171572600098,15.461012305597748
72,0,1,0.0,15.461012305597748
73,3,1,0.1085992474281503,15.569611553025899
74,2,1,0.4621171572600098,16.031728710285908
75,2,0,0.4621171572600098,16.493845867545918
76,3,0,0.1085992474281503,16.602445114974067
77,4,1,0.1435795777903952,16.74602469276446
78,4,0,0.1435795777903952,16.889604270554855
79,4,0,0.1435795777903952,17.03318384834525
80,0,0,0.0,17.03318384834525
81,3,1,0.1085992474281503,17.1417830957734
82,0,1,0.0,17.1417830957734
83,4,1,0.1435795777903952,17.285362673563792
84,0,1,0.0,17.285362673563792
85,3,0,0.1085992474281503,17.39396192099194
86,2,0,0.4621171572600098,17.856079078251952
87,4,1,0.1435795777903952,17.999658656042346
88,0,0,0.0,17.999658656042346
89,0,1,0.0,17.999658656042346
90,3,0,0.1085992474281503,18.108257903470495
91,1,0,0.3535179098318595,18.461775813302353
92,1,0,0.3535179098318595,18.81529372313421
93,2,0,0.4621171572600098,19.27741088039422
94,4,0,0.1435795777903952,19.420990458184615
95,4,0,0.1435795777903952,19.56457003597501
96,1,1,0.3535179098318595,19.918087945806867
97,1,1,0.3535179098318595,20.271605855638725
98,3,1,0.1085992474281503,20.380205103066874
99,0,1,0.0,20.380205103066874
100,4,1,0.1435795777903952,20.52378468085727
101,3,1,0.1085992474281503,20.632383928285417
102,4,1,0.1435795777903952,20.77596350607581
103,0,0,0.0,20.77596350607581
104,2,0,0.4621171572600098,21.238080663335822
105,1,0,0.3535179098318595,21.59159857316768
106,4,0,0.1435795777903952,21.735178150958074
107,3,1,0.1085992474281503,21.843777398386223
108,0,1,0.0,21.843777398386223
109,4,0,0.1435795777903952,21.987356976176617
110,3,1,0.1085992474281503,22.095956223604766
111,3,1,0.1085992474281503,22.204555471032915
112,3,1,0.1085992474281503,22.313154718461064
113,0,1,0.0,22.313154718461064
114,2,0,0.4621171572600098,22.775271875721074
115,1,1,0.3535179098318595,23.128789785552932
116,1,0,0.3535179098318595,23.48230769538479
117,1,0,0.3535179098318595,23.835825605216648
118,0,1,0.0,23.835825605216648
119,4,1,0.1435795777903952,23.979405183007042
120,0,1,0.0,23.979405183007042
121,3,1,0.1085992474281503,24.08800443043519
122,2,0,0.4621171572600098,24.5501215876952
123,4,1,0.1435795777903952,24.693701165485596
124,1,1,0.3535179098318595,25.047219075317454
125,1,0,0.3535179098318595,25.40073698514931
126,4,0,0.1435795777903952,25.544316562939706
127,1,0,0.3535179098318595,25.897834472771564
128,2,0,0.4621171572600098,26.359951630031574
129,0,1,0.0,26.359951630031574
130,2,1,0.4621171572600098,26.822068787291585
131,2,0,0.4621171572600098,27.284185944551595
132,1,0,0.3535179098318595,27.637703854383453
133,3,0,0.1085992474281503,27.746303101811602
134,4,0,0.1435795777903952,27.889882679601996
135,0,1,0.0,27.889882679601996
136,2,1,0.4621171572600098,28.351999836862007
137,1,1,0.3535179098318595,28.705517746693864
138,4,0,0.1435795777903952,28.84909732448426
139,4,1,0.1435795777903952,28.992676902274653
140,3,1,0.1085992474281503,29.1012761497028
141,2,0,0.4621171572600098,29.563393306962812
142,4,1,0.1435795777903952,29.706972884753206
143,3,0,0.1085992474281503,29.815572132181355
144,4,0,0.1435795777903952,29.95915170997175
145,4,1,0.1435795777903952,30.102731287762143
146,1,0,0.3535179098318595,30.456249197594
147,2,0,0.4621171572600098,30.91836635485401
148,0,0,0.0,30.91836635485401
149,2,0,0.4621171572600098,31.380483512114022
150,4,0,0.1435795777903952,31.524063089904416
151,1,1,0.3535179098318595,31.877580999736274
152,3,1,0.1085992474281503,31.986180247164423
153,3,0,0.1085992474281503,32.09477949459257
154,1,0,0.3535179098318595,32.44829740442443
155,4,0,0.1435795777903952,32.59187698221483
156,3,1,0.1085992474281503,32.70047622964298
157,0,1,0.0,32.70047622964298
158,4,0,0.1435795777903952,32.84405580743338
159,1,0,0.3535179098318595,33.197573717265236
160,4,1,0.1435795777903952,33.34115329505563
161,2,0,0.4621171572600098,33.803270452315644
162,4,0,0.1435795777903952,33.94685003010604
163,4,1,0.1435795777903952,34.09042960789644
164,3,1,0.1085992474281503,34.19902885532459
165,1,0,0.3535179098318595,34.55254676515645
166,3,1,0.1085992474281503,34.6611460125846
167,2,0,0.4621171572600098,35.12326316984461
168,3,0,0.1085992474281503,35.231862417272765
169,3,1,0.1085992474281503,35.34046166470092
170,4,1,0.1435795777903952,35.484041242491315
171,1,0,0.3535179098318595,35.83755915232317
172,1,1,0.3535179098318595,36.19107706215503
173,1,0,0.3535179098318595,36.54459497198689
174,3,1,0.1085992474281503,36.65319421941504
175,2,1,0.4621171572600098,37.11531137667505
176,3,0,0.1085992474281503,37.223910624103205
177,0,1,0.0,37.223910624103205
178,3,1,0.1085992474281503,37.33250987153136
179,3,1,0.1085992474281503,37.44110911895951
180,1,1,0.3535179098318595,37.79462702879137
181,0,1,0.0,37.79462702879137
182,3,1,0.1085992474281503,37.90322627621952
183,4,0,0.1435795777903952,38.04680585400992
184,0,1,0.0,38.04680585400992
185,0,1,0.0,38.04680585400992
186,3,1,0.1085992474281503,38.15540510143807
187,4,1,0.1435795777903952,38.29898467922847
188,4,1,0.1435795777903952,38.442564257018866
189,0,1,0.0,38.442564257018866
190,1,0,0.3535179098318595,38.796082166850724
191,1,1,0.3535179098318595,39.14960007668258
192,0,1,0.0,39.14960007668258
193,0,1,0.0,39.14960007668258
194,0,1,0.0,39.14960007668258
195,3,0,0.1085992474281503,39.258199324110734
196,4,1,0.1435795777903952,39.40177890190113
197,1,1,0.3535179098318595,39.75529681173299
198,1,0,0.3535179098318595,40.10881472156485
199,3,1,0.1085992474281503,40.217413968993
200,3,1,0.1085992474281503,40.32601321642115
