algorithm,seed,horizon,reward,final_regret,select_seconds,update_seconds,array_payload_bytes,constraint_active_count
random,0,1000,486,253.6664363190815,0.0009910819999561227,5.8068000527100594e-05,0,0
random,1,1000,474,253.5404555657498,0.001191385999504746,6.592200020349992e-05,0,0
random,2,1000,448,250.8312894973046,0.0014858160002404475,8.07969992422386e-05,0,0
random,3,1000,469,259.1611603801696,0.0014430440000126055,7.947800011720574e-05,0,0
random,4,1000,484,255.02347396975418,0.0011749589997975818,7.264100045745181e-05,0,0
omd_paper_v2_literal,0,1000,666,68.10986593599831,0.02542638199997782,0.060087200999475954,96,0
omd_paper_v2_literal,1,1000,666,69.86571178093195,0.032009264000492976,0.07365410400015548,96,0
omd_paper_v2_literal,2,1000,649,72.67732063265322,0.03219502700014232,0.07408714800087068,96,0
omd_paper_v2_literal,3,1000,629,65.9115044781554,0.02196624900000188,0.05214245799976425,96,0
omd_paper_v2_literal,4,1000,661,69.79126382384338,0.023636338000017076,0.05989031800004341,96,0
