horizon,seed,update_us_per_step,select_us_per_step,log_us_per_step,linear_solve_us_per_step,update_other_us_per_step,projection_inclusive_us_per_step,array_payload_bytes
200,100,53.155589999818176,22.267855000279724,3.653964999728032,4.493204998254896,48.66238500156328,2.0126349998861315,96
200,101,47.91625999871485,21.067914999974846,3.540630000316014,4.0645499996117,43.85170999910315,1.8821250007761137,96
200,102,50.210719999768116,22.140845001388243,3.5635249990662032,5.085550001098227,45.12516999866989,1.9847350004909001,96
1000,100,50.858112000355504,21.62661500014451,3.7827629993785195,4.207760000412009,46.650351999943496,1.9674770002211517,96
1000,101,49.6995359999346,21.617854999902875,3.8909260001105395,4.039341999629187,45.66019400030541,1.9550539998931529,96
1000,102,75.65958399962369,33.23065299986183,5.284926000001633,6.138177000423184,69.52140699920051,2.912381000072628,96
5000,100,105.46155580028653,46.71342440034323,7.874253399762664,8.737595399929887,96.72396040035665,4.284460000110357,96
5000,101,89.32822579991466,38.95573639973691,6.596820999897091,7.696531599987111,81.63169419992755,3.559047799774362,96
5000,102,103.37499720036476,46.36761359987531,7.521896000076822,8.617753399857975,94.75724380050679,4.364834000034534,96
