step,action,x0,x1,reward
1,3,0.0,-1.0,1
2,0,1.0,0.0,1
3,0,1.0,0.0,1
4,3,0.0,-1.0,0
5,2,-1.0,0.0,1
6,1,0.0,1.0,1
7,4,0.7071067811865475,0.7071067811865475,0
8,4,0.7071067811865475,0.7071067811865475,1
9,1,0.0,1.0,0
10,2,-1.0,0.0,1
11,3,0.0,-1.0,1
12,2,-1.0,0.0,0
13,1,0.0,1.0,0
14,3,0.0,-1.0,1
15,1,0.0,1.0,1
16,2,-1.0,0.0,0
17,4,0.7071067811865475,0.7071067811865475,1
18,4,0.7071067811865475,0.7071067811865475,0
19,1,0.0,1.0,1
20,0,1.0,0.0,1
21,3,0.0,-1.0,0
22,1,0.0,1.0,0
23,4,0.7071067811865475,0.7071067811865475,1
24,4,0.7071067811865475,0.7071067811865475,1
25,3,0.0,-1.0,0
26,0,1.0,0.0,1
27,1,0.0,1.0,0
28,1,0.0,1.0,0
29,4,0.7071067811865475,0.7071067811865475,0
30,2,-1.0,0.0,0
31,3,0.0,-1.0,0
32,2,-1.0,0.0,0
33,2,-1.0,0.0,0
34,0,1.0,0.0,1
35,4,0.7071067811865475,0.7071067811865475,1
36,0,1.0,0.0,1
37,4,0.7071067811865475,0.7071067811865475,1
38,3,0.0,-1.0,1
39,4,0.7071067811865475,0.7071067811865475,0
40,2,-1.0,0.0,0
41,1,0.0,1.0,0
42,0,1.0,0.0,0
43,2,-1.0,0.0,0
44,1,0.0,1.0,0
45,0,1.0,0.0,1
46,0,1.0,0.0,1
47,4,0.7071067811865475,0.7071067811865475,0
48,0,1.0,0.0,0
49,3,0.0,-1.0,1
50,2,-1.0,0.0,0
51,4,0.7071067811865475,0.7071067811865475,0
52,2,-1.0,0.0,0
53,2,-1.0,0.0,0
54,1,0.0,1.0,0
55,4,0.7071067811865475,0.7071067811865475,0
56,0,1.0,0.0,1
57,3,0.0,-1.0,0
58,3,0.0,-1.0,1
59,3,0.0,-1.0,1
60,3,0.0,-1.0,1
61,0,1.0,0.0,1
62,2,-1.0,0.0,0
63,3,0.0,-1.0,1
64,3,0.0,-1.0,1
65,2,-1.0,0.0,0
66,0,1.0,0.0,1
67,4,0.7071067811865475,0.7071067811865475,1
68,3,0.0,-1.0,0
69,2,-1.0,0.0,0
70,3,0.0,-1.0,1
71,2,-1.0,0.0,0
72,2,-1.0,0.0,0
73,0,1.0,0.0,1
74,0,1.0,0.0,0
75,1,0.0,1.0,0
76,1,0.0,1.0,0
77,4,0.7071067811865475,0.7071067811865475,0
78,3,0.0,-1.0,1
79,0,1.0,0.0,1
80,2,-1.0,0.0,0
81,1,0.0,1.0,1
82,0,1.0,0.0,1
83,1,0.0,1.0,1
84,4,0.7071067811865475,0.7071067811865475,1
85,4,0.7071067811865475,0.7071067811865475,1
86,3,0.0,-1.0,1
87,2,-1.0,0.0,0
88,1,0.0,1.0,0
89,1,0.0,1.0,0
90,2,-1.0,0.0,0
91,0,1.0,0.0,1
92,0,1.0,0.0,0
93,3,0.0,-1.0,1
94,2,-1.0,0.0,1
95,0,1.0,0.0,1
96,0,1.0,0.0,1
97,0,1.0,0.0,1
98,0,1.0,0.0,1
99,4,0.7071067811865475,0.7071067811865475,0
100,2,-1.0,0.0,1
101,3,0.0,-1.0,1
102,4,0.7071067811865475,0.7071067811865475,0
103,1,0.0,1.0,0
104,2,-1.0,0.0,0
105,1,0.0,1.0,0
106,1,0.0,1.0,0
107,3,0.0,-1.0,0
108,3,0.0,-1.0,0
109,0,1.0,0.0,1
110,1,0.0,1.0,0
111,3,0.0,-1.0,1
112,3,0.0,-1.0,0
113,4,0.7071067811865475,0.7071067811865475,1
114,4,0.7071067811865475,0.7071067811865475,1
115,1,0.0,1.0,0
116,4,0.7071067811865475,0.7071067811865475,0
117,4,0.7071067811865475,0.7071067811865475,0
118,1,0.0,1.0,0
119,4,0.7071067811865475,0.7071067811865475,1
120,2,-1.0,0.0,1
121,0,1.0,0.0,0
122,2,-1.0,0.0,0
123,4,0.7071067811865475,0.7071067811865475,0
124,1,0.0,1.0,1
125,1,0.0,1.0,1
126,0,1.0,0.0,1
127,1,0.0,1.0,0
128,3,0.0,-1.0,1
129,2,-1.0,0.0,1
130,1,0.0,1.0,1
131,3,0.0,-1.0,1
132,0,1.0,0.0,0
133,1,0.0,1.0,0
134,0,1.0,0.0,1
135,1,0.0,1.0,0
136,2,-1.0,0.0,1
137,0,1.0,0.0,1
138,4,0.7071067811865475,0.7071067811865475,0
139,3,0.0,-1.0,1
140,4,0.7071067811865475,0.7071067811865475,1
141,3,0.0,-1.0,1
142,4,0.7071067811865475,0.7071067811865475,0
143,1,0.0,1.0,0
144,4,0.7071067811865475,0.7071067811865475,1
145,3,0.0,-1.0,1
146,0,1.0,0.0,1
147,1,0.0,1.0,0
148,0,1.0,0.0,1
149,0,1.0,0.0,1
150,4,0.7071067811865475,0.7071067811865475,1
151,0,1.0,0.0,0
152,3,0.0,-1.0,1
153,0,1.0,0.0,1
154,2,-1.0,0.0,0
155,2,-1.0,0.0,0
156,4,0.7071067811865475,0.7071067811865475,1
157,2,-1.0,0.0,1
158,2,-1.0,0.0,0
159,4,0.7071067811865475,0.7071067811865475,0
160,4,0.7071067811865475,0.7071067811865475,0
161,4,0.7071067811865475,0.7071067811865475,0
162,4,0.7071067811865475,0.7071067811865475,1
163,4,0.7071067811865475,0.7071067811865475,1
164,4,0.7071067811865475,0.7071067811865475,1
165,4,0.7071067811865475,0.7071067811865475,0
166,3,0.0,-1.0,0
167,4,0.7071067811865475,0.7071067811865475,0
168,3,0.0,-1.0,1
169,0,1.0,0.0,1
170,2,-1.0,0.0,0
171,1,0.0,1.0,0
172,3,0.0,-1.0,1
173,3,0.0,-1.0,1
174,3,0.0,-1.0,0
175,4,0.7071067811865475,0.7071067811865475,0
176,1,0.0,1.0,1
177,2,-1.0,0.0,0
178,1,0.0,1.0,1
179,1,0.0,1.0,0
180,0,1.0,0.0,1
181,3,0.0,-1.0,0
182,1,0.0,1.0,0
183,2,-1.0,0.0,0
184,4,0.7071067811865475,0.7071067811865475,1
185,1,0.0,1.0,0
186,1,0.0,1.0,1
187,2,-1.0,0.0,1
188,2,-1.0,0.0,0
189,1,0.0,1.0,1
190,4,0.7071067811865475,0.7071067811865475,1
191,4,0.7071067811865475,0.7071067811865475,0
192,0,1.0,0.0,1
193,3,0.0,-1.0,1
194,0,1.0,0.0,1
195,2,-1.0,0.0,0
196,3,0.0,-1.0,1
197,3,0.0,-1.0,0
198,4,0.7071067811865475,0.7071067811865475,1
199,3,0.0,-1.0,0
200,0,1.0,0.0,1
