horizon,seed,update_us_per_step,select_us_per_step,linear_solve_us_per_step,update_other_us_per_step,projection_inclusive_us_per_step,log_us_per_step,array_payload_bytes
200,100,54.85503501859057,24.269550017379515,4.485824993025744,50.369210025564826,2.617180030028976,4.104779977751605,96
200,101,53.9083900184778,24.412975012637617,4.210439988128201,49.6979500303496,2.531335012463387,3.9460499647248075,96
200,102,56.45040000672452,25.700784985929204,4.829490044357954,51.62090996236657,2.2169950125316973,4.453964997992443,96
1000,100,60.30432901025051,25.932521984032064,5.167597016225045,55.13673199402547,2.452435006489395,4.701438011579739,96
1000,101,52.68157098817028,23.035955998238933,4.525572964666935,48.155998023503344,2.043285001491313,3.923091011529323,96
1000,102,68.83012498383323,29.551192023063777,6.273370006965706,62.55675497686752,2.869798004212498,5.371158999878389,96
5000,100,55.69310399823735,24.089003402878006,4.716050595015986,50.97705340322136,2.2575460014195414,4.093453596942709,96
5000,101,59.838606398807315,25.47989718914323,4.966976595824235,54.87162980298308,2.4934194043453317,4.320208210447163,96
5000,102,49.752548599281,21.593819003828685,4.299324402745697,45.4532241965353,2.0069478054210776,3.5851035974701517,96
