step,seconds,array_payload_bytes,rho,theta_norm,constraint_violation,kkt_residual
1,0.0008030230001168093,48,0.0,0.6666666666666666,0.0,0.0
2,0.0003642990000116697,48,0.0,0.9428090415820634,0.0,0.0
3,0.00017008599979817518,48,0.0,1.2626837365051022,0.0,0.0
4,0.00039726299974063295,48,0.0,1.0794328209110218,0.0,0.0
5,0.0003107370002908283,48,0.0,0.27147340466497427,0.0,0.0
6,0.0003378719998181623,48,0.0,0.646398117557565,0.0,0.0
7,0.00026862300001084805,48,0.0,0.2605040666067645,0.0,0.0
8,0.0002664409998942574,48,0.0,0.4789657108245221,0.0,0.0
9,0.00023364400021819165,48,0.0,0.17862814069415436,0.0,0.0
10,0.00017479500002082204,48,0.0,0.2851341692204096,0.0,0.0
11,0.00035700200032806606,48,0.0,0.4438213172818237,0.0,0.0
12,0.00024413500023001689,48,0.0,0.45443004214417304,0.0,0.0
13,0.00020063600004505133,48,0.0,0.7221714360577163,0.0,0.0
14,0.0002943240001513914,48,0.0,0.9368744877202968,0.0,0.0
15,0.0001646860000619199,48,0.0,0.5059036148124595,0.0,0.0
16,0.00028204199998072,48,0.0,0.706534740622916,0.0,0.0
17,0.0005079590000605094,48,0.0,0.7852428477224396,0.0,0.0
18,0.00046187999987523654,48,0.0,0.7046847510472479,0.0,0.0
19,0.000269101999947452,48,0.0,0.4655577609411672,0.0,0.0
20,0.0006244199998945987,48,0.0,0.7022785501530132,0.0,0.0
21,0.0002752370000962401,48,0.0,0.6317489109071593,0.0,0.0
22,0.0010082479998345661,48,0.0,0.6885667229645658,0.0,0.0
23,0.00030228899959183764,48,0.0,0.8197125198714837,0.0,0.0
24,0.0005176530003154767,48,0.0,0.9463807940786985,0.0,0.0
25,0.0004074610001225665,48,0.0,0.9318417774538305,0.0,0.0
26,0.00024012199992284877,48,0.0,1.0811966490172777,0.0,0.0
27,0.00016655499985063216,48,0.0,1.1056199462434066,0.0,0.0
28,0.00025106500015681377,48,0.0,1.1626232309998061,0.0,0.0
29,0.0003792439997596375,48,0.0,0.9907588094422977,0.0,0.0
30,0.00035816900026475196,48,0.0,1.1349161804678929,0.0,0.0
31,0.0001576700001351128,48,0.0,1.0385789651378114,0.0,0.0
32,0.000447119999989809,48,0.0,1.1689229102239336,0.0,0.0
33,0.00030687299977216753,48,0.0,1.2828836178084033,0.0,0.0
34,0.00016425499961769674,48,0.0,1.383812843443421,0.0,0.0
35,0.00032772399981695344,48,0.0,1.456157642985907,0.0,0.0
36,0.00048134899998331093,48,0.0,1.5398440259697272,0.0,0.0
37,0.0004171919999862439,48,0.0,1.603210373464239,0.0,0.0
38,0.0004127309998693818,48,0.0,1.6563803560887562,0.0,0.0
39,0.00025726700005179737,48,0.0,1.5117512922423524,0.0,0.0
40,0.000282251000044198,48,0.0,1.5901183453630416,0.0,0.0
41,0.0002985369997077214,48,0.0,1.656167298544316,0.0,0.0
42,0.0001768779998201353,48,0.0,1.3256453302440687,0.0,0.0
43,0.0001816290000533627,48,0.0,1.4112660084913016,0.0,0.0
44,0.00023409100003846106,48,0.0,1.4797642350884874,0.0,0.0
45,0.00022118100014267839,48,0.0,1.5549167490114308,0.0,0.0
46,0.00018186300030720304,48,0.0,1.6240059212215983,0.0,0.0
47,0.00015973600011420785,48,0.0,1.5538971756620135,0.0,0.0
48,0.000391484999909153,48,0.0,1.29016222007123,0.0,0.0
49,0.00021304299980329233,48,0.0,1.3630923294727855,0.0,0.0
50,0.00022545599995282828,48,0.0,1.4393011331101375,0.0,0.0
51,0.00025902599963956163,48,0.0,1.4102517488044823,0.0,0.0
52,0.00022664499965685536,48,0.0,1.4827270032018558,0.0,0.0
53,0.00018451100004313048,48,0.0,1.5500043740872989,0.0,0.0
54,0.00018063900006382028,48,0.0,1.6129600145730578,0.0,0.0
55,0.00015910000001895241,48,0.0,1.5980536527050953,0.0,0.0
56,0.0001609870000720548,48,0.0,1.6601523478791584,0.0,0.0
57,0.00016204099983951892,48,0.0,1.492902015249928,0.0,0.0
58,0.00016476700011480716,48,0.0,1.5537192126371202,0.0,0.0
59,0.00016352100010408321,48,0.0,1.6112592037952924,0.0,0.0
60,0.000420248999944306,48,0.0,1.665695333322168,0.0,0.0
61,0.0001608239999768557,48,0.0,1.7225665677660937,0.0,0.0
62,0.00016388199992434238,48,0.0,1.776013137016538,0.0,0.0
63,0.0001659580002524308,48,0.0,1.8247378383693282,0.0,0.0
64,0.00019156000007569673,48,0.0,1.871014746452239,0.0,0.0
65,0.00021191599989833776,48,0.0,1.9189429880074207,0.0,0.0
66,0.00013745200021730852,48,0.0,1.9642889124925276,0.0,0.0
67,0.00019129999964206945,48,0.0,1.9800297994539529,0.0,0.0
68,0.00013612000020657433,48,0.0,1.8415522953347536,0.0,0.0
69,0.00018834200000128476,48,0.0,1.8855763154551304,0.0,0.0
70,0.00013395499991020188,48,0.0,1.9296495274212146,0.0,0.0
71,0.0001730189997033449,48,0.0,1.970488391743101,0.0,0.0
72,0.0005611809997390083,48,0.03212977107614279,1.9999999999183016,0.0,4.314407596936413e-16
73,0.000781410999934451,48,0.12965992093086243,1.999999999910337,0.0,1.668338681331951e-15
74,0.00014108300001680618,48,0.0,1.8076171061740383,0.0,0.0
75,0.00016652899967084522,48,0.0,1.8510760941277953,0.0,0.0
76,0.0003063429999201617,48,0.0,1.8926545913602308,0.0,0.0
77,0.00014779000002818066,48,0.0,1.8767930053764041,0.0,0.0
78,0.00017475499998909072,48,0.0,1.9163409773055577,0.0,0.0
79,0.0001598090002516983,48,0.0,1.9564715074683459,0.0,0.0
80,0.00015763500005050446,48,0.0,1.994758534518735,0.0,0.0
81,0.00015234400007102522,48,0.0,1.8642424290962007,0.0,0.0
82,0.00021728899992012884,48,0.0,1.9028393981113023,0.0,0.0
83,0.00018754699976852862,48,0.0,1.7873229233508305,0.0,0.0
84,0.00014924300012353342,48,0.0,1.8073086698636573,0.0,0.0
85,0.0001512089997959265,48,0.0,1.8284229845319107,0.0,0.0
86,0.00020819100018343306,48,0.0,1.867965573397246,0.0,0.0
87,0.0001807409998946241,48,0.0,1.9035628783498324,0.0,0.0
88,0.0001836110000112967,48,0.0,1.941073110936675,0.0,0.0
89,0.00017737600001055398,48,0.0,1.9772517550826616,0.0,0.0
90,0.00048790100026963046,48,0.04053416848182678,2.0000000000273457,2.7345681274937306e-11,1.6931469877776118e-15
91,0.00045344899990595877,48,0.1292720464989543,1.9999999999318419,0.0,2.055599741677741e-15
92,0.00015462099963770015,48,0.0,1.831010973747469,0.0,0.0
93,0.00017401600007360685,48,0.0,1.8674217719343555,0.0,0.0
94,0.000517253999987588,48,0.0,1.710753867258683,0.0,0.0
95,0.000557101000140392,48,0.0,1.7486882801673984,0.0,0.0
96,0.0002697479999369534,48,0.0,1.7850120624410681,0.0,0.0
97,0.00029205199962234474,48,0.0,1.819839675921956,0.0,0.0
98,0.0002292279996254365,48,0.0,1.8532755773986538,0.0,0.0
99,0.0003933360003429698,48,0.0,1.8380834365474297,0.0,0.0
100,0.00042860000030486844,48,0.0,1.6992796843805862,0.0,0.0
101,0.0002333960001124069,48,0.0,1.7357622156942911,0.0,0.0
102,0.0001764280000315921,48,0.0,1.7303651440704904,0.0,0.0
103,0.00018410299981042044,48,0.0,1.7652328056748934,0.0,0.0
104,0.0001805349997994199,48,0.0,1.8003155487993163,0.0,0.0
105,0.00020785700007763808,48,0.0,1.8332882310560294,0.0,0.0
106,0.0001961799998753122,48,0.0,1.8650753481431708,0.0,0.0
107,0.00023545299973193323,48,0.0,1.7517186150560635,0.0,0.0
108,0.0001683489999777521,48,0.0,1.6469985252301793,0.0,0.0
109,0.00018198199995822506,48,0.0,1.6827431948717606,0.0,0.0
110,0.0002058049999504874,48,0.0,1.7161822737084187,0.0,0.0
111,0.0002779370001917414,48,0.0,1.7485014921446456,0.0,0.0
112,0.00014955399956306792,48,0.0,1.651901532154566,0.0,0.0
113,0.00016605999962848728,48,0.0,1.6649615694457245,0.0,0.0
114,0.000343230999988009,48,0.0,1.679410038000749,0.0,0.0
115,0.0001951740000549762,48,0.0,1.7119110539357094,0.0,0.0
116,0.0001807539997571439,48,0.0,1.6944599296418827,0.0,0.0
117,0.00020648100007747416,48,0.0,1.6807988857142608,0.0,0.0
118,0.00018928000008600065,48,0.0,1.712451273981667,0.0,0.0
119,0.00018354399981035385,48,0.0,1.7233689105783774,0.0,0.0
120,0.00018865000038204016,48,0.0,1.6004132122742953,0.0,0.0
121,0.000193632999980764,48,0.0,1.4859954578091348,0.0,0.0
122,0.0001660419998188445,48,0.0,1.5230607372496974,0.0,0.0
123,0.00018747300009636092,48,0.0,1.5180103558179352,0.0,0.0
124,0.00018662599995877827,48,0.0,1.422239713663441,0.0,0.0
125,0.00040726299994275905,48,0.0,1.3332322281173274,0.0,0.0
126,0.00015761600025143707,48,0.0,1.372309150000074,0.0,0.0
127,0.00017916500019055093,48,0.0,1.4068952959268326,0.0,0.0
128,0.00016298200034725596,48,0.0,1.440429428106406,0.0,0.0
129,0.00018625499978952575,48,0.0,1.3363866959212747,0.0,0.0
130,0.00018697499990594224,48,0.0,1.2515414237282303,0.0,0.0
131,0.0003606109999054752,48,0.0,1.2864313286944977,0.0,0.0
132,0.00021172100014155149,48,0.0,1.189833282384451,0.0,0.0
133,0.00017088100003093132,48,0.0,1.2251980794199142,0.0,0.0
134,0.00019234399997003493,48,0.0,1.2640562200534717,0.0,0.0
135,0.00035366699967198656,48,0.0,1.2975383764053858,0.0,0.0
136,0.00039681399994151434,48,0.0,1.2099003839828362,0.0,0.0
137,0.0002065600001515122,48,0.0,1.2474899907866888,0.0,0.0
138,0.00022365399991031154,48,0.0,1.2474461984217398,0.0,0.0
139,0.00016214099969147355,48,0.0,1.2804195708394557,0.0,0.0
140,0.00020068300000275485,48,0.0,1.2802392004705203,0.0,0.0
141,0.000175940999724844,48,0.0,1.3123006014571963,0.0,0.0
142,0.00048559700007899664,48,0.0,1.3125627132249957,0.0,0.0
143,0.00019623700018200907,48,0.0,1.343481955711566,0.0,0.0
144,0.0001807579997148423,48,0.0,1.3430999042204375,0.0,0.0
145,0.0003959440000471659,48,0.0,1.3732671144908863,0.0,0.0
146,0.00017240899978787638,48,0.0,1.4072019325856708,0.0,0.0
147,0.00019996199989691377,48,0.0,1.4359147639532712,0.0,0.0
148,0.0009166209997601982,48,0.0,1.4683331313852788,0.0,0.0
149,0.00025772799972401117,48,0.0,1.4998008518631485,0.0,0.0
150,0.0007168369997998525,48,0.0,1.5024892640129224,0.0,0.0
151,0.0005743770002482051,48,0.0,1.4179596263299181,0.0,0.0
152,0.002540303999921889,48,0.0,1.4460133374111899,0.0,0.0
153,0.00032858600025065243,48,0.0,1.4768657845497573,0.0,0.0
154,0.0004949750000378117,48,0.0,1.5068369356708307,0.0,0.0
155,0.0003463250000095286,48,0.0,1.5359522527035314,0.0,0.0
156,0.0002735680000114371,48,0.0,1.5384716027880954,0.0,0.0
157,0.00027941100006501074,48,0.0,1.4558528985381913,0.0,0.0
158,0.0002061830000457121,48,0.0,1.4849378197502194,0.0,0.0
159,0.0003843909998977324,48,0.0,1.484368596946104,0.0,0.0
160,0.00022097900000517257,48,0.0,1.4852235404707204,0.0,0.0
161,0.00021203999995123013,48,0.0,1.4873549290916563,0.0,0.0
162,0.00018468500002200017,48,0.0,1.4850334427213092,0.0,0.0
163,0.00022535100015375065,48,0.0,1.484362021064625,0.0,0.0
164,0.0003491589995974209,48,0.0,1.4851824514862508,0.0,0.0
165,0.00020882799981336575,48,0.0,1.484368841633377,0.0,0.0
166,0.0004380270002002362,48,0.0,1.4062065514397046,0.0,0.0
167,0.0002096680000249762,48,0.0,1.4051419479133778,0.0,0.0
168,0.00018180999995820457,48,0.0,1.4324682093294145,0.0,0.0
169,0.00018866900018110755,48,0.0,1.4614152765549697,0.0,0.0
170,0.0001794249997146835,48,0.0,1.4895729736848617,0.0,0.0
171,0.0001683440000306291,48,0.0,1.5153336148709304,0.0,0.0
172,0.0001631430000088585,48,0.0,1.5404207450914926,0.0,0.0
173,0.00018490399997972418,48,0.0,1.564860775321845,0.0,0.0
174,0.00016747400013628067,48,0.0,1.4892242579646526,0.0,0.0
175,0.00016823499981910572,48,0.0,1.4880644265389515,0.0,0.0
176,0.00021107700013089925,48,0.0,1.4141564894215435,0.0,0.0
177,0.00020665900001404225,48,0.0,1.442225072763485,0.0,0.0
178,0.0002048559999821009,48,0.0,1.3722128406896283,0.0,0.0
179,0.00018271599992658594,48,0.0,1.3980755593894378,0.0,0.0
180,0.0004207980000501266,48,0.0,1.4258097816215074,0.0,0.0
181,0.0004826989998036879,48,0.0,1.3594066828545845,0.0,0.0
182,0.0002067430000352033,48,0.0,1.3849017544753437,0.0,0.0
183,0.00017793800043364172,48,0.0,1.4122813252612725,0.0,0.0
184,0.00017135999996753526,48,0.0,1.41757896336816,0.0,0.0
185,0.0001708989998405741,48,0.0,1.442133021068332,0.0,0.0
186,0.00016708200018911157,48,0.0,1.3803568001304407,0.0,0.0
187,0.00020456799984458485,48,0.0,1.3039865899993723,0.0,0.0
188,0.00016532400013602455,48,0.0,1.3317141531810281,0.0,0.0
189,0.00017687200033833506,48,0.0,1.2729438427938746,0.0,0.0
190,0.0001951660001395794,48,0.0,1.2802280654599096,0.0,0.0
191,0.000178581000000122,48,0.0,1.2719721766524712,0.0,0.0
192,0.00016598599995631957,48,0.0,1.2996611269216791,0.0,0.0
193,0.0001733240001158265,48,0.0,1.3246288927824807,0.0,0.0
194,0.00016235699968092376,48,0.0,1.3511799038026935,0.0,0.0
195,0.0001684480002950295,48,0.0,1.3770293928365742,0.0,0.0
196,0.0004820230001314485,48,0.0,1.400777531993383,0.0,0.0
197,0.00017636100028539659,48,0.0,1.345153374711281,0.0,0.0
198,0.0001880380000329751,48,0.0,1.3528280182113284,0.0,0.0
199,0.0002040790000137349,48,0.0,1.3014889013220488,0.0,0.0
200,0.00016062200029409723,48,0.0,1.327299826549685,0.0,0.0
