scenario,algorithm,seed,step,action,reward,instant_regret,cumulative_regret,prediction_rmse_pre,theta_norm,kkt_residual,rho,predicted_mean_0,predicted_mean_1,predicted_mean_2,predicted_mean_3,predicted_mean_4,predicted_mean_5,predicted_mean_6,predicted_mean_7,predicted_mean_8,predicted_mean_9
drift,random,4,1,9,0,0.0,0.0,,,,,,,,,,,,,,
drift,random,4,2,9,1,0.0,0.0,,,,,,,,,,,,,,
drift,random,4,3,6,0,0.015903478949974792,0.015903478949974792,,,,,,,,,,,,,,
drift,random,4,4,9,0,0.0,0.015903478949974792,,,,,,,,,,,,,,
drift,random,4,5,2,0,0.16333255843471872,0.17923603738469351,,,,,,,,,,,,,,
drift,random,4,6,4,0,0.33275839354538284,0.5119944309300763,,,,,,,,,,,,,,
drift,random,4,7,2,0,0.1627976218929047,0.674792052822981,,,,,,,,,,,,,,
drift,random,4,8,5,0,0.3176206259892555,0.9924126788122365,,,,,,,,,,,,,,
drift,random,4,9,7,0,0.4466930765245825,1.439105755336819,,,,,,,,,,,,,,
drift,random,4,10,7,0,0.44591008480212874,1.8850158401389476,,,,,,,,,,,,,,
drift,random,4,11,4,1,0.3297414182572906,2.2147572583962383,,,,,,,,,,,,,,
drift,random,4,12,0,0,0.44332990556622687,2.658087163962465,,,,,,,,,,,,,,
drift,random,4,13,3,1,0.28303994602522137,2.9411271099876863,,,,,,,,,,,,,,
drift,random,4,14,8,0,0.15072354709336722,3.0918506570810536,,,,,,,,,,,,,,
drift,random,4,15,1,1,0.36333438505711035,3.455185042138164,,,,,,,,,,,,,,
drift,random,4,16,2,0,0.16037390908078508,3.615558951218949,,,,,,,,,,,,,,
drift,random,4,17,3,1,0.2809680585226372,3.896527009741586,,,,,,,,,,,,,,
drift,random,4,18,5,1,0.31182962634575107,4.208356636087337,,,,,,,,,,,,,,
drift,random,4,19,7,1,0.43883249570769617,4.647189131795033,,,,,,,,,,,,,,
drift,random,4,20,2,1,0.15928807544056,4.806477207235592,,,,,,,,,,,,,,
drift,random,4,21,2,1,0.1590157909037797,4.965492998139372,,,,,,,,,,,,,,
drift,random,4,22,3,0,0.2783704146317154,5.243863412771088,,,,,,,,,,,,,,
drift,random,4,23,9,1,0.0,5.243863412771088,,,,,,,,,,,,,,
drift,random,4,24,3,1,0.27732894379865997,5.521192356569748,,,,,,,,,,,,,,
drift,random,4,25,2,1,0.1579233574541865,5.679115714023935,,,,,,,,,,,,,,
drift,random,4,26,4,0,0.3206335433550044,5.999749257378939,,,,,,,,,,,,,,
drift,random,4,27,0,0,0.4315014932892161,6.4312507506681555,,,,,,,,,,,,,,
drift,random,4,28,9,0,0.0,6.4312507506681555,,,,,,,,,,,,,,
drift,random,4,29,9,0,0.0,6.4312507506681555,,,,,,,,,,,,,,
drift,random,4,30,3,1,0.2741962927532973,6.705447043421453,,,,,,,,,,,,,,
drift,random,4,31,3,0,0.2736729864475192,6.979120029868972,,,,,,,,,,,,,,
drift,random,4,32,7,0,0.4285125621295135,7.407632591998485,,,,,,,,,,,,,,
drift,random,4,33,3,1,0.27262535033154084,7.680257942330027,,,,,,,,,,,,,,
drift,random,4,34,4,0,0.3157414182550005,7.995999360585027,,,,,,,,,,,,,,
drift,random,4,35,4,1,0.3151282252469595,8.311127585831986,,,,,,,,,,,,,,
drift,random,4,36,9,1,0.0,8.311127585831986,,,,,,,,,,,,,,
drift,random,4,37,5,0,0.3007265632995376,8.611854149131524,,,,,,,,,,,,,,
drift,random,4,38,2,0,0.15433674575935152,8.766190894890876,,,,,,,,,,,,,,
drift,random,4,39,7,0,0.4229087613017892,9.189099656192665,,,,,,,,,,,,,,
drift,random,4,40,3,1,0.26894791500267184,9.458047571195337,,,,,,,,,,,,,,
drift,random,4,41,8,0,0.1438576650791299,9.601905236274467,,,,,,,,,,,,,,
drift,random,4,42,3,1,0.26789417158846135,9.869799407862928,,,,,,,,,,,,,,
drift,random,4,43,2,0,0.1529426444952684,10.022742052358197,,,,,,,,,,,,,,
drift,random,4,44,2,1,0.1526628549840735,10.175404907342271,,,,,,,,,,,,,,
drift,random,4,45,2,0,0.15238274319713263,10.327787650539404,,,,,,,,,,,,,,
drift,random,4,46,9,1,0.0,10.327787650539404,,,,,,,,,,,,,,
drift,random,4,47,1,0,0.3416562973174613,10.669443947856866,,,,,,,,,,,,,,
drift,random,4,48,3,0,0.26472485929173567,10.934168807148602,,,,,,,,,,,,,,
drift,random,4,49,1,0,0.34028700782061744,11.274455814969219,,,,,,,,,,,,,,
drift,random,4,50,6,1,0.01493997416916093,11.28939578913838,,,,,,,,,,,,,,
drift,random,4,51,0,1,0.4122644699352302,11.701660259073611,,,,,,,,,,,,,,
drift,random,4,52,8,0,0.14099339128928357,11.842653650362895,,,,,,,,,,,,,,
drift,random,4,53,5,1,0.2912764433462159,12.133930093709111,,,,,,,,,,,,,,
drift,random,4,54,5,0,0.29068281163812115,12.424612905347232,,,,,,,,,,,,,,
drift,random,4,55,2,0,0.14956397829780566,12.574176883645038,,,,,,,,,,,,,,
drift,random,4,56,3,0,0.2604803663619398,12.834657250006977,,,,,,,,,,,,,,
drift,random,4,57,4,0,0.3015447925396751,13.136202042546651,,,,,,,,,,,,,,
drift,random,4,58,0,0,0.40658260878586144,13.542784651332513,,,,,,,,,,,,,,
drift,random,4,59,8,1,0.1391507750852451,13.681935426417757,,,,,,,,,,,,,,
drift,random,4,60,0,0,0.4049533992525361,14.086888825670293,,,,,,,,,,,,,,
drift,random,4,61,7,1,0.40508618081211417,14.491975006482408,,,,,,,,,,,,,,
drift,random,4,62,9,1,0.0,14.491975006482408,,,,,,,,,,,,,,
drift,random,4,63,0,0,0.4025047578345551,14.894479764316962,,,,,,,,,,,,,,
drift,random,4,64,9,0,0.0,14.894479764316962,,,,,,,,,,,,,,
drift,random,4,65,8,0,0.13755918537738743,15.03203894969435,,,,,,,,,,,,,,
drift,random,4,66,3,1,0.255144912946811,15.287183862641161,,,,,,,,,,,,,,
drift,random,4,67,6,0,0.014556920246702298,15.301740782887864,,,,,,,,,,,,,,
drift,random,4,68,2,0,0.1458520547084604,15.447592837596323,,,,,,,,,,,,,,
drift,random,4,69,5,0,0.2817365485689375,15.729329386165261,,,,,,,,,,,,,,
drift,random,4,70,4,1,0.29343565025345686,16.02276503641872,,,,,,,,,,,,,,
drift,random,4,71,8,1,0.1359564154550369,16.158721451873756,,,,,,,,,,,,,,
drift,random,4,72,2,1,0.14469923124274908,16.303420683116506,,,,,,,,,,,,,,
drift,random,4,73,4,1,0.29155574137700335,16.59497642449351,,,,,,,,,,,,,,
drift,random,4,74,1,0,0.3230313730695,16.91800779756301,,,,,,,,,,,,,,
drift,random,4,75,9,1,0.0,16.91800779756301,,,,,,,,,,,,,,
drift,random,4,76,8,1,0.13461229349493964,17.05262009105795,,,,,,,,,,,,,,
drift,random,4,77,4,0,0.2890442435265008,17.34166433458445,,,,,,,,,,,,,,
drift,random,4,78,5,0,0.27633158919249906,17.61799592377695,,,,,,,,,,,,,,
drift,random,4,79,5,0,0.2757293352184429,17.893725258995392,,,,,,,,,,,,,,
drift,random,4,80,7,0,0.3894415246577598,18.28316678365315,,,,,,,,,,,,,,
drift,random,4,81,1,0,0.318154212552414,18.601320996205565,,,,,,,,,,,,,,
drift,random,4,82,8,1,0.1329892448035921,18.734310241009158,,,,,,,,,,,,,,
drift,random,4,83,0,0,0.3860340023708172,19.120344243379975,,,,,,,,,,,,,,
drift,random,4,84,7,0,0.3861186614266116,19.506462904806586,,,,,,,,,,,,,,
drift,random,4,85,6,1,0.014131603237890311,19.520594508044475,,,,,,,,,,,,,,
drift,random,4,86,6,1,0.014107384396040423,19.534701892440516,,,,,,,,,,,,,,
drift,random,4,87,8,0,0.13162834521453126,19.666330237655046,,,,,,,,,,,,,,
drift,random,4,88,0,0,0.3818769979293082,20.048207235584353,,,,,,,,,,,,,,
drift,random,4,89,6,0,0.014034357298561506,20.062241592882916,,,,,,,,,,,,,,
drift,random,4,90,7,1,0.38111553887196276,20.44335713175488,,,,,,,,,,,,,,
drift,random,4,91,6,1,0.01398536427495256,20.45734249602983,,,,,,,,,,,,,,
drift,random,4,92,6,1,0.01396077543383456,20.471303271463665,,,,,,,,,,,,,,
drift,random,4,93,1,0,0.30974795227287344,20.781051223736537,,,,,,,,,,,,,,
drift,random,4,94,3,0,0.24003270678880945,21.021083930525347,,,,,,,,,,,,,,
drift,random,4,95,3,1,0.23948835513417566,21.26057228565952,,,,,,,,,,,,,,
drift,random,4,96,4,0,0.2770382904198599,21.53761057607938,,,,,,,,,,,,,,
drift,random,4,97,2,1,0.13738212629711577,21.674992702376496,,,,,,,,,,,,,,
drift,random,4,98,2,1,0.13708548212993243,21.81207818450643,,,,,,,,,,,,,,
drift,random,4,99,5,1,0.2636137529031835,22.075691937409612,,,,,,,,,,,,,,
drift,random,4,100,9,1,0.0,22.075691937409612,,,,,,,,,,,,,,
drift,random,4,101,4,1,0.273858158461904,22.349550095871518,,,,,,,,,,,,,,
drift,random,4,102,6,0,0.013711514712000827,22.363261610583518,,,,,,,,,,,,,,
drift,random,4,103,8,0,0.12722303737849028,22.490484647962006,,,,,,,,,,,,,,
drift,random,4,104,2,0,0.13529931890316582,22.62578396686517,,,,,,,,,,,,,,
drift,random,4,105,0,1,0.36762785215607363,22.993411819021244,,,,,,,,,,,,,,
drift,random,4,106,8,1,0.1263885863996339,23.11980040542088,,,,,,,,,,,,,,
drift,random,4,107,9,1,0.0,23.11980040542088,,,,,,,,,,,,,,
drift,random,4,108,9,1,0.0,23.11980040542088,,,,,,,,,,,,,,
drift,random,4,109,1,0,0.2984519894733498,23.41825239489423,,,,,,,,,,,,,,
drift,random,4,110,5,1,0.25689385973823686,23.675146254632466,,,,,,,,,,,,,,
drift,random,4,111,7,1,0.36342934295558094,24.038575597588046,,,,,,,,,,,,,,
drift,random,4,112,8,1,0.12471177471263495,24.16328737230068,,,,,,,,,,,,,,
drift,random,4,113,0,1,0.36086162280516487,24.524148995105843,,,,,,,,,,,,,,
drift,random,4,114,4,0,0.2655502878864125,24.789699282992256,,,,,,,,,,,,,,
drift,random,4,115,2,1,0.13199690243175477,24.92169618542401,,,,,,,,,,,,,,
drift,random,4,116,6,0,0.013352330967199899,24.935048516391213,,,,,,,,,,,,,,
drift,random,4,117,4,0,0.263625072807832,25.198673589199046,,,,,,,,,,,,,,
drift,random,4,118,5,0,0.2519820765239266,25.450655665722973,,,,,,,,,,,,,,
drift,random,4,119,8,0,0.12274227754054301,25.573397943263515,,,,,,,,,,,,,,
drift,random,4,120,7,0,0.35576761259804557,25.929165555861562,,,,,,,,,,,,,,
drift,random,4,121,1,1,0.2899157470181568,26.21908130287972,,,,,,,,,,,,,,
drift,random,4,122,5,0,0.2495185203235588,26.468599823203277,,,,,,,,,,,,,,
drift,random,4,123,4,1,0.2597657400450651,26.728365563248342,,,,,,,,,,,,,,
drift,random,4,124,3,0,0.22356724748802026,26.951932810736363,,,,,,,,,,,,,,
drift,random,4,125,0,0,0.3506408062773692,27.30257361701373,,,,,,,,,,,,,,
drift,random,4,126,9,0,0.0,27.30257361701373,,,,,,,,,,,,,,
drift,random,4,127,6,1,0.013061853718203342,27.315635470731934,,,,,,,,,,,,,,
drift,random,4,128,9,0,0.0,27.315635470731934,,,,,,,,,,,,,,
drift,random,4,129,0,1,0.3472150644010932,27.66285053513303,,,,,,,,,,,,,,
drift,random,4,130,2,1,0.12743665111290803,27.790287186245937,,,,,,,,,,,,,,
drift,random,4,131,4,1,0.2546016845018394,28.044888870747776,,,,,,,,,,,,,,
drift,random,4,132,0,1,0.3446396564594966,28.389528527207272,,,,,,,,,,,,,,
drift,random,4,133,7,0,0.34461590809875897,28.734144435306032,,,,,,,,,,,,,,
drift,random,4,134,0,0,0.34291982801061405,29.077064263316647,,,,,,,,,,,,,,
drift,random,4,135,9,0,0.0,29.077064263316647,,,,,,,,,,,,,,
drift,random,4,136,3,0,0.21690465478069093,29.293968918097338,,,,,,,,,,,,,,
drift,random,4,137,5,1,0.2402353963833737,29.53420431448071,,,,,,,,,,,,,,
drift,random,4,138,1,0,0.2777309231776172,29.81193523765833,,,,,,,,,,,,,,
drift,random,4,139,5,0,0.23899237180606697,30.050927609464395,,,,,,,,,,,,,,
drift,random,4,140,8,0,0.11674998561878092,30.167677595083177,,,,,,,,,,,,,,
drift,random,4,141,0,1,0.33688235602596805,30.504559951109144,,,,,,,,,,,,,,
drift,random,4,142,1,0,0.2748485844815782,30.779408535590722,,,,,,,,,,,,,,
drift,random,4,143,5,0,0.23650264859336362,31.015911184184084,,,,,,,,,,,,,,
drift,random,4,144,8,0,0.11559461038151586,31.1315057945656,,,,,,,,,,,,,,
drift,random,4,145,0,1,0.33341985238172894,31.464925646947332,,,,,,,,,,,,,,
drift,random,4,146,5,0,0.23463216020669586,31.69955780715403,,,,,,,,,,,,,,
drift,random,4,147,8,0,0.11472519216270138,31.81428299931673,,,,,,,,,,,,,,
drift,random,4,148,1,1,0.27051432637268247,32.084797325689415,,,,,,,,,,,,,,
drift,random,4,149,6,0,0.01245949585009043,32.0972568215395,,,,,,,,,,,,,,
drift,random,4,150,8,1,0.1138533153778426,32.21111013691735,,,,,,,,,,,,,,
drift,random,4,151,7,0,0.329013601235572,32.54012373815292,,,,,,,,,,,,,,
drift,random,4,152,9,1,0.0,32.54012373815292,,,,,,,,,,,,,,
drift,random,4,153,7,1,0.3272686738772565,32.86739241203018,,,,,,,,,,,,,,
drift,random,4,154,0,1,0.32559635468083065,33.19298876671101,,,,,,,,,,,,,,
drift,random,4,155,2,1,0.11969445330067252,33.312683220011685,,,,,,,,,,,,,,
drift,random,4,156,2,1,0.1193811724163788,33.43206439242807,,,,,,,,,,,,,,
drift,random,4,157,8,1,0.1118094562850327,33.5438738487131,,,,,,,,,,,,,,
drift,random,4,158,6,1,0.012205006347729364,33.556078855060825,,,,,,,,,,,,,,
drift,random,4,159,2,1,0.11843970306756679,33.67451855812839,,,,,,,,,,,,,,
drift,random,4,160,2,0,0.11812533957991012,33.7926438977083,,,,,,,,,,,,,,
drift,random,4,161,4,0,0.23505551415705406,34.027699411865356,,,,,,,,,,,,,,
drift,random,4,162,9,0,0.0,34.027699411865356,,,,,,,,,,,,,,
drift,random,4,163,0,0,0.31772801706781884,34.34542742893318,,,,,,,,,,,,,,
drift,random,4,164,2,1,0.11686519876330903,34.462292627696485,,,,,,,,,,,,,,
drift,random,4,165,6,0,0.012003891417168289,34.47429651911365,,,,,,,,,,,,,,
drift,random,4,166,3,0,0.20006530509918846,34.67436182421284,,,,,,,,,,,,,,
drift,random,4,167,4,0,0.23111299310914213,34.90547481732198,,,,,,,,,,,,,,
drift,random,4,168,2,1,0.11560078619908454,35.02107560352106,,,,,,,,,,,,,,
drift,random,4,169,9,1,0.0,35.02107560352106,,,,,,,,,,,,,,
drift,random,4,170,2,1,0.1149669894575378,35.1360425929786,,,,,,,,,,,,,,
drift,random,4,171,8,1,0.10768256582173885,35.24372515880034,,,,,,,,,,,,,,
drift,random,4,172,1,0,0.25305132474316233,35.4967764835435,,,,,,,,,,,,,,
drift,random,4,173,4,0,0.2271597063100404,35.72393618985354,,,,,,,,,,,,,,
drift,random,4,174,4,1,0.2264997887299427,35.950435978583485,,,,,,,,,,,,,,
drift,random,4,175,1,1,0.2508546171714443,36.20129059575493,,,,,,,,,,,,,,
drift,random,4,176,5,0,0.21578036509529153,36.41707096085022,,,,,,,,,,,,,,
drift,random,4,177,2,0,0.11274043008500534,36.52981139093522,,,,,,,,,,,,,,
drift,random,4,178,1,1,0.24865490584405914,36.77846629677928,,,,,,,,,,,,,,
drift,random,4,179,1,0,0.24792100493880181,37.02638730171808,,,,,,,,,,,,,,
drift,random,4,180,7,0,0.3034971941486011,37.32988449586668,,,,,,,,,,,,,,
drift,random,4,181,6,0,0.011533939601647392,37.34141843546833,,,,,,,,,,,,,,
drift,random,4,182,4,0,0.22120991051621475,37.56262834598454,,,,,,,,,,,,,,
drift,random,4,183,2,0,0.11082182527657436,37.673450171261116,,,,,,,,,,,,,,
drift,random,4,184,3,1,0.18984131084670686,37.863291482107826,,,,,,,,,,,,,,
drift,random,4,185,8,1,0.1035047350012489,37.96679621710908,,,,,,,,,,,,,,
drift,random,4,186,6,0,0.011384200380065934,37.97818041748914,,,,,,,,,,,,,,
drift,random,4,187,5,0,0.20880322018601416,38.186983637675155,,,,,,,,,,,,,,
drift,random,4,188,2,1,0.10921594672010682,38.29619958439526,,,,,,,,,,,,,,
drift,random,4,189,8,0,0.1023019357070809,38.39850152010234,,,,,,,,,,,,,,
drift,random,4,190,7,1,0.2945942214998637,38.69309574160221,,,,,,,,,,,,,,
drift,random,4,191,5,1,0.20625774922725215,38.89935349082946,,,,,,,,,,,,,,
drift,random,4,192,4,0,0.2145716147173357,39.1139251055468,,,,,,,,,,,,,,
drift,random,4,193,1,1,0.23761204949174208,39.35153715503854,,,,,,,,,,,,,,
drift,random,4,194,9,1,0.0,39.35153715503854,,,,,,,,,,,,,,
drift,random,4,195,1,1,0.2361341821443001,39.58767133718284,,,,,,,,,,,,,,
drift,random,4,196,1,1,0.23539477176138707,39.823066108944225,,,,,,,,,,,,,,
drift,random,4,197,6,1,0.011050045427034694,39.83411615437126,,,,,,,,,,,,,,
drift,random,4,198,8,0,0.0995811107160085,39.93369726508727,,,,,,,,,,,,,,
drift,random,4,199,6,0,0.010988599893429707,39.9446858649807,,,,,,,,,,,,,,
drift,random,4,200,1,1,0.23243397157815548,40.17711983655885,,,,,,,,,,,,,,
drift,random,4,201,0,1,0.2840313353562795,40.461151171915134,,,,,,,,,,,,,,
drift,random,4,202,9,1,0.0,40.461151171915134,,,,,,,,,,,,,,
drift,random,4,203,6,1,0.010865079403165723,40.4720162513183,,,,,,,,,,,,,,
drift,random,4,204,5,1,0.19795500102641544,40.669971252344716,,,,,,,,,,,,,,
drift,random,4,205,6,1,0.010803006270857285,40.68077425861557,,,,,,,,,,,,,,
drift,random,4,206,6,1,0.010771891886174223,40.69154615050174,,,,,,,,,,,,,,
drift,random,4,207,6,0,0.01074072577751195,40.70228687627925,,,,,,,,,,,,,,
drift,random,4,208,1,0,0.22649738415504778,40.9287842604343,,,,,,,,,,,,,,
drift,random,4,209,0,0,0.2768436031856095,41.20562786361991,,,,,,,,,,,,,,
drift,random,4,210,1,1,0.2250101544626526,41.43063801808256,,,,,,,,,,,,,,
drift,random,4,211,2,1,0.10174870053955143,41.532386718622114,,,,,,,,,,,,,,
drift,random,4,212,0,1,0.27414014569346873,41.80652686431558,,,,,,,,,,,,,,
drift,random,4,213,0,0,0.27323802702095623,42.07976489133654,,,,,,,,,,,,,,
drift,random,4,214,0,1,0.2723354274751298,42.352100318811665,,,,,,,,,,,,,,
drift,random,4,215,1,1,0.22128676002868947,42.573387078840355,,,,,,,,,,,,,,
drift,random,4,216,8,0,0.0940806701577197,42.66746774899808,,,,,,,,,,,,,,
drift,random,4,217,2,1,0.09977967524218512,42.76724742424026,,,,,,,,,,,,,,
drift,random,4,218,5,0,0.18896369286215253,42.95621111710241,,,,,,,,,,,,,,
drift,random,4,219,1,1,0.21830262923271937,43.17451374633513,,,,,,,,,,,,,,
drift,random,4,220,1,1,0.2175558516527457,43.39206959798788,,,,,,,,,,,,,,
drift,random,4,221,4,1,0.1951638559660342,43.587233453953914,,,,,,,,,,,,,,
drift,random,4,222,6,1,0.010267108043878426,43.59750056199779,,,,,,,,,,,,,,
drift,random,4,223,2,1,0.09780221242052645,43.695302774418316,,,,,,,,,,,,,,
drift,random,4,224,2,1,0.09747182501418894,43.792774599432505,,,,,,,,,,,,,,
drift,random,4,225,1,1,0.21381753822349797,44.006592137656,,,,,,,,,,,,,,
drift,random,4,226,4,0,0.1917950568723038,44.1983871945283,,,,,,,,,,,,,,
drift,random,4,227,9,0,0.0,44.1983871945283,,,,,,,,,,,,,,
drift,random,4,228,0,0,0.2596492947280978,44.4580364892564,,,,,,,,,,,,,,
drift,random,4,229,3,1,0.16391382204786148,44.62195031130426,,,,,,,,,,,,,,
drift,random,4,230,4,0,0.18909539738874165,44.811045708693,,,,,,,,,,,,,,
drift,random,4,231,9,1,0.0,44.811045708693,,,,,,,,,,,,,,
drift,random,4,232,4,0,0.18774404461677174,44.99878975330977,,,,,,,,,,,,,,
drift,random,4,233,8,1,0.08881661470094115,45.08760636801071,,,,,,,,,,,,,,
drift,random,4,234,9,1,0.0,45.08760636801071,,,,,,,,,,,,,,
drift,random,4,235,6,0,0.00984756396256492,45.09745393197328,,,,,,,,,,,,,,
drift,random,4,236,1,0,0.2055677265979174,45.3030216585712,,,,,,,,,,,,,,
drift,random,4,237,0,0,0.25144602444024344,45.55446768301144,,,,,,,,,,,,,,
drift,random,4,238,1,0,0.2040640601721157,45.75853174318355,,,,,,,,,,,,,,
drift,random,4,239,2,1,0.09248882597240216,45.851020569155956,,,,,,,,,,,,,,
drift,random,4,240,5,1,0.17473464856137244,46.025755217717325,,,,,,,,,,,,,,
drift,random,4,241,3,0,0.15691689109360307,46.18267210881093,,,,,,,,,,,,,,
drift,random,4,242,2,1,0.09148622573990872,46.27415833455083,,,,,,,,,,,,,,
drift,random,4,243,9,1,0.0,46.27415833455083,,,,,,,,,,,,,,
drift,random,4,244,9,1,0.0,46.27415833455083,,,,,,,,,,,,,,
drift,random,4,245,8,0,0.08506213988643352,46.359220474437265,,,,,,,,,,,,,,
drift,random,4,246,4,0,0.1782567311380701,46.537477205575335,,,,,,,,,,,,,,
drift,random,4,247,9,0,0.0,46.537477205575335,,,,,,,,,,,,,,
drift,random,4,248,3,0,0.15282022083325897,46.69029742640859,,,,,,,,,,,,,,
drift,random,4,249,8,1,0.08380377581240339,46.774101202221,,,,,,,,,,,,,,
drift,random,4,250,1,0,0.1950187835087519,46.96911998572975,,,,,,,,,,,,,,
drift,random,4,251,5,0,0.1675764903911704,47.13669647612092,,,,,,,,,,,,,,
drift,random,4,252,6,1,0.00928670588550895,47.145983182006425,,,,,,,,,,,,,,
drift,random,4,253,7,1,0.23737619405793287,47.383359376064355,,,,,,,,,,,,,,
drift,random,4,254,6,1,0.009219839084849246,47.392579215149205,,,,,,,,,,,,,,
drift,random,4,255,7,1,0.23553003737747985,47.628109252526684,,,,,,,,,,,,,,
drift,random,4,256,5,1,0.16431355472599402,47.79242280725268,,,,,,,,,,,,,,
drift,random,4,257,1,0,0.1897243714985568,47.982147178751234,,,,,,,,,,,,,,
drift,random,4,258,3,0,0.14694910162908342,48.12909628038032,,,,,,,,,,,,,,
drift,random,4,259,2,1,0.0857684270621688,48.21486470744249,,,,,,,,,,,,,,
drift,random,4,260,5,0,0.16169914801464425,48.37656385545713,,,,,,,,,,,,,,
drift,random,4,261,2,0,0.08509177604872642,48.461655631505856,,,,,,,,,,,,,,
drift,random,4,262,5,1,0.1603906093760502,48.62204624088191,,,,,,,,,,,,,,
drift,random,4,263,1,1,0.18517604967882273,48.80722229056073,,,,,,,,,,,,,,
drift,random,4,264,4,0,0.1659897674282636,48.973212057988995,,,,,,,,,,,,,,
drift,random,4,265,5,0,0.15842615027125784,49.131638208260256,,,,,,,,,,,,,,
drift,random,4,266,1,0,0.18289840698503035,49.31453661524529,,,,,,,,,,,,,,
drift,random,4,267,7,0,0.2244177829071351,49.53895439815242,,,,,,,,,,,,,,
drift,random,4,268,7,0,0.22348907742739088,49.76244347557981,,,,,,,,,,,,,,
drift,random,4,269,3,1,0.14046622210270981,49.90290969768252,,,,,,,,,,,,,,
drift,random,4,270,6,1,0.008678444738008384,49.91158814242053,,,,,,,,,,,,,,
drift,random,4,271,7,0,0.2207005312595655,50.132288673680094,,,,,,,,,,,,,,
drift,random,4,272,4,0,0.16051400196366744,50.29280267564376,,,,,,,,,,,,,,
drift,random,4,273,6,1,0.00857568371216455,50.30137835935593,,,,,,,,,,,,,,
drift,random,4,274,0,0,0.21735165166194637,50.51873001101787,,,,,,,,,,,,,,
drift,random,4,275,9,1,0.0,50.51873001101787,,,,,,,,,,,,,,
drift,random,4,276,0,1,0.2154926743017629,50.73422268531964,,,,,,,,,,,,,,
drift,random,4,277,9,1,0.0,50.73422268531964,,,,,,,,,,,,,,
drift,random,4,278,4,0,0.15639794695499132,50.890620632274626,,,,,,,,,,,,,,
drift,random,4,279,7,1,0.2132468575132297,51.10386748978785,,,,,,,,,,,,,,
drift,random,4,280,8,1,0.07394093214923225,51.17780842193709,,,,,,,,,,,,,,
drift,random,4,281,5,0,0.1479164306495639,51.32572485258665,,,,,,,,,,,,,,
drift,random,4,282,2,1,0.0779388364535013,51.40366368904015,,,,,,,,,,,,,,
drift,random,4,283,5,1,0.14659895739436307,51.55026264643451,,,,,,,,,,,,,,
drift,random,4,284,4,0,0.15227418298268608,51.7025368294172,,,,,,,,,,,,,,
drift,random,4,285,1,1,0.16842129766429298,51.870958127081494,,,,,,,,,,,,,,
drift,random,4,286,3,1,0.1303987410945459,52.00135686817604,,,,,,,,,,,,,,
drift,random,4,287,7,0,0.20576827705860412,52.20712514523464,,,,,,,,,,,,,,
drift,random,4,288,1,1,0.16612748774625363,52.37325263298089,,,,,,,,,,,,,,
drift,random,4,289,5,0,0.14264168494583085,52.51589431792672,,,,,,,,,,,,,,
drift,random,4,290,5,0,0.14198144060727275,52.657875758534,,,,,,,,,,,,,,
drift,random,4,291,6,1,0.00795117968458292,52.66582693821858,,,,,,,,,,,,,,
drift,random,4,292,0,1,0.20056560859227707,52.86639254681086,,,,,,,,,,,,,,
drift,random,4,293,0,1,0.19962948896643717,53.066022035777294,,,,,,,,,,,,,,
drift,random,4,294,5,0,0.13933849703434265,53.20536053281164,,,,,,,,,,,,,,
drift,random,4,295,7,0,0.1982655844798621,53.4036261172915,,,,,,,,,,,,,,
drift,random,4,296,3,1,0.12445052786802602,53.52807664515953,,,,,,,,,,,,,,
drift,random,4,297,8,0,0.0684543019750653,53.596530947134596,,,,,,,,,,,,,,
drift,random,4,298,5,0,0.1366924479747375,53.733223395109334,,,,,,,,,,,,,,
drift,random,4,299,9,0,0.0,53.733223395109334,,,,,,,,,,,,,,
drift,random,4,300,8,1,0.06748072069182498,53.80070411580116,,,,,,,,,,,,,,
drift,random,4,301,4,1,0.14054994608335913,53.94125406188452,,,,,,,,,,,,,,
drift,random,4,302,8,1,0.06683080247308004,54.0080848643576,,,,,,,,,,,,,,
drift,random,4,303,1,1,0.15462754944925933,54.16271241380686,,,,,,,,,,,,,,
drift,random,4,304,5,1,0.132717670306985,54.295430084113846,,,,,,,,,,,,,,
drift,random,4,305,9,1,0.0,54.295430084113846,,,,,,,,,,,,,,
drift,random,4,306,3,0,0.11848391693116911,54.413914001045015,,,,,,,,,,,,,,
drift,random,4,307,9,1,0.0,54.413914001045015,,,,,,,,,,,,,,
drift,random,4,308,4,1,0.1357057623211365,54.54961976336615,,,,,,,,,,,,,,
drift,random,4,309,7,0,0.18508028193134457,54.734700045297494,,,,,,,,,,,,,,
drift,random,4,310,2,0,0.06827370202261551,54.80297374732011,,,,,,,,,,,,,,
drift,random,4,311,1,1,0.14847399555424406,54.95144774287435,,,,,,,,,,,,,,
drift,random,4,312,7,0,0.1822459948068078,55.133693737681156,,,,,,,,,,,,,,
drift,random,4,313,7,0,0.18130055651148236,55.31499429419264,,,,,,,,,,,,,,
drift,random,4,314,2,0,0.06688190828558005,55.38187620247822,,,,,,,,,,,,,,
drift,random,4,315,8,1,0.06258993941390589,55.44446614189212,,,,,,,,,,,,,,
drift,random,4,316,4,1,0.13015829219183395,55.57462443408396,,,,,,,,,,,,,,
drift,random,4,317,7,0,0.1775154671697382,55.7521399012537,,,,,,,,,,,,,,
drift,random,4,318,8,1,0.061607355784848994,55.81374725703855,,,,,,,,,,,,,,
drift,random,4,319,2,1,0.06513849655918147,55.87888575359773,,,,,,,,,,,,,,
drift,random,4,320,6,1,0.006918196205265237,55.88580394980299,,,,,,,,,,,,,,
drift,random,4,321,5,0,0.12142013810829166,56.00722408791128,,,,,,,,,,,,,,
drift,random,4,322,5,0,0.12075399805345577,56.12797808596474,,,,,,,,,,,,,,
drift,random,4,323,9,1,0.0,56.12797808596474,,,,,,,,,,,,,,
drift,random,4,324,9,0,0.0,56.12797808596474,,,,,,,,,,,,,,
drift,random,4,325,2,1,0.06304115275221844,56.19101923871696,,,,,,,,,,,,,,
drift,random,4,326,5,1,0.11808774719375315,56.30910698591072,,,,,,,,,,,,,,
drift,random,4,327,7,0,0.16802996466359904,56.47713695057431,,,,,,,,,,,,,,
drift,random,4,328,3,0,0.10529663953523294,56.582433590109545,,,,,,,,,,,,,,
drift,random,4,329,8,1,0.057992511448976436,56.640426101558525,,,,,,,,,,,,,,
drift,random,4,330,5,1,0.11541883368671185,56.755844935245236,,,,,,,,,,,,,,
drift,random,4,331,5,0,0.11475119591438593,56.87059613115962,,,,,,,,,,,,,,
drift,random,4,332,2,0,0.06058723399562471,56.93118336515525,,,,,,,,,,,,,,
drift,random,4,333,4,1,0.11833207882196145,57.049515443977214,,,,,,,,,,,,,,
drift,random,4,334,9,0,0.0,57.049515443977214,,,,,,,,,,,,,,
drift,random,4,335,2,0,0.0595333061508172,57.10904875012803,,,,,,,,,,,,,,
drift,random,4,336,4,1,0.11624001294964137,57.22528876307767,,,,,,,,,,,,,,
drift,random,4,337,1,0,0.12838498248168628,57.353673745559355,,,,,,,,,,,,,,
drift,random,4,338,9,0,0.0,57.353673745559355,,,,,,,,,,,,,,
drift,random,4,339,0,1,0.15619980515998289,57.50987355071934,,,,,,,,,,,,,,
drift,random,4,340,2,1,0.05777384390861284,57.567647394627954,,,,,,,,,,,,,,
drift,random,4,341,0,0,0.15429648372685462,57.72194387835481,,,,,,,,,,,,,,
drift,random,4,342,1,1,0.12450697908785036,57.846450857442655,,,,,,,,,,,,,,
drift,random,4,343,3,1,0.09626106257577838,57.94271192001843,,,,,,,,,,,,,,
drift,random,4,344,5,0,0.1060574898802013,58.04876940989863,,,,,,,,,,,,,,
drift,random,4,345,6,1,0.006003785198110068,58.05477319509674,,,,,,,,,,,,,,
drift,random,4,346,4,0,0.1092560371789108,58.16402923227565,,,,,,,,,,,,,,
drift,random,4,347,1,1,0.12062453802498907,58.28465377030064,,,,,,,,,,,,,,
drift,random,4,348,4,0,0.10785737363490866,58.39251114393555,,,,,,,,,,,,,,
drift,random,4,349,9,1,0.0,58.39251114393555,,,,,,,,,,,,,,
drift,random,4,350,2,0,0.05424435710410713,58.44675550103966,,,,,,,,,,,,,,
drift,random,4,351,4,0,0.10575824565012715,58.55251374668979,,,,,,,,,,,,,,
drift,random,4,352,6,1,0.00574417701213914,58.55825792370193,,,,,,,,,,,,,,
drift,random,4,353,1,0,0.11595993769343965,58.67421786139537,,,,,,,,,,,,,,
drift,random,4,354,3,0,0.08961411661139074,58.76383197800676,,,,,,,,,,,,,,
drift,random,4,355,7,0,0.14130983515501566,58.90514181316178,,,,,,,,,,,,,,
drift,random,4,356,0,1,0.13998598122405004,59.04512779438583,,,,,,,,,,,,,,
drift,random,4,357,6,1,0.005557851762462596,59.05068564614829,,,,,,,,,,,,,,
drift,random,4,358,8,0,0.04837850535456578,59.09906415150285,,,,,,,,,,,,,,
drift,random,4,359,0,1,0.13711664911566285,59.23618080061851,,,,,,,,,,,,,,
drift,random,4,360,9,0,0.0,59.23618080061851,,,,,,,,,,,,,,
drift,random,4,361,2,1,0.05034649082988041,59.286527291448394,,,,,,,,,,,,,,
drift,random,4,362,8,0,0.04704367505167295,59.33357096650007,,,,,,,,,,,,,,
drift,random,4,363,3,0,0.08416348966287368,59.41773445616294,,,,,,,,,,,,,,
drift,random,4,364,7,0,0.1326753362541645,59.550409792417106,,,,,,,,,,,,,,
drift,random,4,365,1,0,0.10661306181678254,59.65702285423389,,,,,,,,,,,,,,
drift,random,4,366,2,1,0.04856968137018469,59.70559253560407,,,,,,,,,,,,,,
drift,random,4,367,7,1,0.12979262178392237,59.83538515738799,,,,,,,,,,,,,,
drift,random,4,368,6,0,0.00514544668210859,59.840530604070096,,,,,,,,,,,,,,
drift,random,4,369,0,0,0.12753583781358746,59.968066441883686,,,,,,,,,,,,,,
drift,random,4,370,5,1,0.08859587509828143,60.056662316981964,,,,,,,,,,,,,,
drift,random,4,371,6,1,0.0050324031163183625,60.06169472009828,,,,,,,,,,,,,,
drift,random,4,372,1,0,0.10115043067530838,60.16284515077359,,,,,,,,,,,,,,
drift,random,4,373,5,0,0.08657526394159887,60.24942041471519,,,,,,,,,,,,,,
drift,random,4,374,6,1,0.004919125034898886,60.254339539750084,,,,,,,,,,,,,,
drift,random,4,375,4,1,0.08891925106654791,60.343258790816634,,,,,,,,,,,,,,
drift,random,4,376,9,0,0.0,60.343258790816634,,,,,,,,,,,,,,
drift,random,4,377,2,1,0.044650259956364624,60.387909050773,,,,,,,,,,,,,,
drift,random,4,378,3,1,0.0750565234458469,60.46296557421884,,,,,,,,,,,,,,
drift,random,4,379,7,1,0.11824027843640456,60.581205852655245,,,,,,,,,,,,,,
drift,random,4,380,1,1,0.09489872799171067,60.67610458064696,,,,,,,,,,,,,,
drift,random,4,381,0,0,0.11600752213145682,60.79211210277841,,,,,,,,,,,,,,
drift,random,4,382,2,0,0.04286419931927521,60.83497630209769,,,,,,,,,,,,,,
drift,random,4,383,0,0,0.11408300716256264,60.94905930926025,,,,,,,,,,,,,,
drift,random,4,384,5,1,0.07915702503338917,61.02821633429364,,,,,,,,,,,,,,
drift,random,4,385,2,1,0.041791276912526154,61.070007611206165,,,,,,,,,,,,,,
drift,random,4,386,4,1,0.08117639395947385,61.15118400516564,,,,,,,,,,,,,,
drift,random,4,387,5,0,0.07713143554230789,61.228315440707945,,,,,,,,,,,,,,
drift,random,4,388,8,1,0.03832193496376246,61.266637375671706,,,,,,,,,,,,,,
drift,random,4,389,2,0,0.04035926195116968,61.30699663762287,,,,,,,,,,,,,,
drift,random,4,390,8,1,0.03764803075237955,61.34464466837525,,,,,,,,,,,,,,
drift,random,4,391,3,1,0.06714297739048813,61.41178764576574,,,,,,,,,,,,,,
drift,random,4,392,1,1,0.08550496411892528,61.49729260988467,,,,,,,,,,,,,,
drift,random,4,393,5,1,0.07307729735323426,61.570369907237904,,,,,,,,,,,,,,
drift,random,4,394,0,0,0.10348324132219666,61.6738531485601,,,,,,,,,,,,,,
drift,random,4,395,2,0,0.038208241915191565,61.71206139047529,,,,,,,,,,,,,,
drift,random,4,396,4,1,0.07412532582153858,61.78618671629683,,,,,,,,,,,,,,
drift,random,4,397,3,1,0.06348462465761545,61.84967134095445,,,,,,,,,,,,,,
drift,random,4,398,0,1,0.0996228158267885,61.94929415678124,,,,,,,,,,,,,,
drift,random,4,399,0,0,0.09865723602150811,62.04795139280275,,,,,,,,,,,,,,
drift,random,4,400,0,0,0.0976914704061152,62.14564286320887,,,,,,,,,,,,,,
drift,random,4,401,9,1,0.0,62.14564286320887,,,,,,,,,,,,,,
drift,random,4,402,3,0,0.060433327684144056,62.206076190893015,,,,,,,,,,,,,,
drift,random,4,403,2,0,0.03533491386852472,62.24141110476154,,,,,,,,,,,,,,
drift,random,4,404,0,1,0.09382658553765605,62.335237690299195,,,,,,,,,,,,,,
drift,random,4,405,7,1,0.09310418749149957,62.42834187779069,,,,,,,,,,,,,,
drift,random,4,406,5,1,0.06428065419424916,62.49262253198494,,,,,,,,,,,,,,
drift,random,4,407,6,0,0.00365905981446768,62.49628159179941,,,,,,,,,,,,,,
drift,random,4,408,9,1,0.0,62.49628159179941,,,,,,,,,,,,,,
drift,random,4,409,3,0,0.056157664392210205,62.55243925619162,,,,,,,,,,,,,,
drift,random,4,410,6,1,0.003543370887220676,62.55598262707884,,,,,,,,,,,,,,
drift,random,4,411,8,1,0.030549552345307762,62.58653217942415,,,,,,,,,,,,,,
drift,random,4,412,8,0,0.0302105821189238,62.61674276154307,,,,,,,,,,,,,,
drift,random,4,413,1,1,0.06902430125120962,62.685767062794284,,,,,,,,,,,,,,
drift,random,4,414,4,0,0.06140755123456426,62.74717461402885,,,,,,,,,,,,,,
drift,random,4,415,6,1,0.0033501882974197317,62.75052480232627,,,,,,,,,,,,,,
drift,random,4,416,8,1,0.028853915824235243,62.779378718150504,,,,,,,,,,,,,,
drift,random,4,417,7,1,0.08146077246639194,62.8608394906169,,,,,,,,,,,,,,
drift,random,4,418,0,1,0.08027795567950236,62.9411174462964,,,,,,,,,,,,,,
drift,random,4,419,5,1,0.05546838362725409,62.99658582992366,,,,,,,,,,,,,,
drift,random,4,420,0,0,0.0783398945936512,63.074925724517314,,,,,,,,,,,,,,
drift,random,4,421,2,0,0.028849974876294815,63.10377569939361,,,,,,,,,,,,,,
drift,random,4,422,9,1,0.0,63.10377569939361,,,,,,,,,,,,,,
drift,random,4,423,7,1,0.07563051421932004,63.17940621361293,,,,,,,,,,,,,,
drift,random,4,424,6,0,0.003001372352102405,63.18240758596503,,,,,,,,,,,,,,
drift,random,4,425,3,1,0.04636943979151187,63.22877702575654,,,,,,,,,,,,,,
drift,random,4,426,6,0,0.002923679578838212,63.23170070533538,,,,,,,,,,,,,,
drift,random,4,427,2,1,0.026682871802495733,63.25838357713787,,,,,,,,,,,,,,
drift,random,4,428,8,0,0.02477685697115417,63.28316043410902,,,,,,,,,,,,,,
drift,random,4,429,5,1,0.048680406290227185,63.331840840399245,,,,,,,,,,,,,,
drift,random,4,430,5,0,0.04800120594065199,63.379842046339895,,,,,,,,,,,,,,
drift,random,4,431,6,1,0.0027291830202532674,63.382571229360146,,,,,,,,,,,,,,
drift,random,4,432,1,0,0.054074980353760405,63.436646209713906,,,,,,,,,,,,,,
drift,random,4,433,9,1,0.0,63.436646209713906,,,,,,,,,,,,,,
drift,random,4,434,6,1,0.0026123116952705416,63.43925852140918,,,,,,,,,,,,,,
drift,random,4,435,0,0,0.06378655812296302,63.50304507953214,,,,,,,,,,,,,,
drift,random,4,436,9,0,0.0,63.50304507953214,,,,,,,,,,,,,,
drift,random,4,437,7,1,0.062007133412399995,63.56505221294454,,,,,,,,,,,,,,
drift,random,4,438,8,1,0.02137206271149994,63.58642427565604,,,,,,,,,,,,,,
drift,random,4,439,4,1,0.0436982310377359,63.63012250669378,,,,,,,,,,,,,,
drift,random,4,440,9,1,0.0,63.63012250669378,,,,,,,,,,,,,,
drift,random,4,441,4,0,0.0422795916877754,63.67240209838155,,,,,,,,,,,,,,
drift,random,4,442,9,1,0.0,63.67240209838155,,,,,,,,,,,,,,
drift,random,4,443,8,1,0.019667495868944784,63.6920695942505,,,,,,,,,,,,,,
drift,random,4,444,2,1,0.02053032127689336,63.71259991552739,,,,,,,,,,,,,,
drift,random,4,445,1,0,0.043829704420899895,63.75642961994829,,,,,,,,,,,,,,
drift,random,4,446,4,1,0.03873195337627172,63.79516157332456,,,,,,,,,,,,,,
drift,random,4,447,7,0,0.052261681984807795,63.84742325530937,,,,,,,,,,,,,,
drift,random,4,448,2,0,0.019080333456166887,63.86650358876554,,,,,,,,,,,,,,
drift,random,4,449,6,0,0.0020262142361642255,63.86852980300171,,,,,,,,,,,,,,
drift,random,4,450,0,1,0.04920604049096844,63.91773584349267,,,,,,,,,,,,,,
drift,random,4,451,5,0,0.033723485016991794,63.951459328509664,,,,,,,,,,,,,,
drift,random,4,452,0,1,0.04726024928251499,63.99871957779218,,,,,,,,,,,,,,
drift,random,4,453,2,1,0.017266777385976373,64.01598635517816,,,,,,,,,,,,,,
drift,random,4,454,5,1,0.03168184168779531,64.04766819686596,,,,,,,,,,,,,,
drift,random,4,455,8,1,0.015571454545917796,64.06323965141188,,,,,,,,,,,,,,
drift,random,4,456,0,0,0.043367605374449836,64.10660725678633,,,,,,,,,,,,,,
drift,random,4,457,7,1,0.04250626616526093,64.1491135229516,,,,,,,,,,,,,,
drift,random,4,458,8,0,0.014546457975931681,64.16365998092752,,,,,,,,,,,,,,
drift,random,4,459,5,1,0.028278198329757143,64.19193817925728,,,,,,,,,,,,,,
drift,random,4,460,8,1,0.013862933234104369,64.20580111249139,,,,,,,,,,,,,,
drift,random,4,461,9,1,0.0,64.20580111249139,,,,,,,,,,,,,,
drift,random,4,462,8,1,0.013179261939996523,64.21898037443138,,,,,,,,,,,,,,
drift,random,4,463,2,0,0.01363652536424731,64.23261689979563,,,,,,,,,,,,,,
drift,random,4,464,0,0,0.0355784838392853,64.26819538363492,,,,,,,,,,,,,,
drift,random,4,465,2,1,0.012910034409836513,64.28110541804476,,,,,,,,,,,,,,
drift,random,4,466,9,0,0.0,64.28110541804476,,,,,,,,,,,,,,
drift,random,4,467,9,0,0.0,64.28110541804476,,,,,,,,,,,,,,
drift,random,4,468,6,0,0.001280472471178573,64.28238589051594,,,,,,,,,,,,,,
drift,random,4,469,0,1,0.030708026589153115,64.31309391710509,,,,,,,,,,,,,,
drift,random,4,470,8,0,0.010443255474147817,64.32353717257924,,,,,,,,,,,,,,
drift,random,4,471,8,0,0.010101120908674655,64.33363829348791,,,,,,,,,,,,,,
drift,random,4,472,9,0,0.0,64.33363829348791,,,,,,,,,,,,,,
drift,random,4,473,7,0,0.02688150108875803,64.36051979457666,,,,,,,,,,,,,,
drift,random,4,474,1,0,0.02093977808285208,64.38145957265951,,,,,,,,,,,,,,
drift,random,4,475,2,0,0.00927577780335076,64.39073535046286,,,,,,,,,,,,,,
drift,random,4,476,0,1,0.023886987590211073,64.41462233805308,,,,,,,,,,,,,,
drift,random,4,477,2,0,0.008548617221417198,64.4231709552745,,,,,,,,,,,,,,
drift,random,4,478,8,0,0.007705481578774931,64.43087643685328,,,,,,,,,,,,,,
drift,random,4,479,0,0,0.02096296709765766,64.45183940395094,,,,,,,,,,,,,,
drift,random,4,480,1,1,0.016199805555396907,64.46803920950634,,,,,,,,,,,,,,
drift,random,4,481,4,1,0.013866796995342934,64.48190600650169,,,,,,,,,,,,,,
drift,random,4,482,8,0,0.0063360764629526445,64.48824208296465,,,,,,,,,,,,,,
drift,random,4,483,5,1,0.011928623933988969,64.50017070689863,,,,,,,,,,,,,,
drift,random,4,484,3,1,0.010147832536965495,64.51031853943559,,,,,,,,,,,,,,
drift,random,4,485,0,1,0.015113900113467582,64.52543243954905,,,,,,,,,,,,,,
drift,random,4,486,8,0,0.004966403121486329,64.53039884267054,,,,,,,,,,,,,,
drift,random,4,487,6,0,0.0005322971479900795,64.53093113981852,,,,,,,,,,,,,,
drift,random,4,488,0,1,0.01218895364193634,64.54312009346046,,,,,,,,,,,,,,
drift,random,4,489,7,1,0.011243590074774878,64.55436368353523,,,,,,,,,,,,,,
drift,random,4,490,7,1,0.010265958556237298,64.56462964209146,,,,,,,,,,,,,,
drift,random,4,491,4,0,0.006756087293590951,64.57138572938506,,,,,,,,,,,,,,
drift,random,4,492,3,0,0.005227939772612544,64.57661366915767,,,,,,,,,,,,,,
drift,random,4,493,2,1,0.0027288498377939785,64.57934251899546,,,,,,,,,,,,,,
drift,random,4,494,1,0,0.005136995285367318,64.58447951428083,,,,,,,,,,,,,,
drift,random,4,495,9,0,0.0,64.58447951428083,,,,,,,,,,,,,,
drift,random,4,496,2,1,0.0016373346321891802,64.58611684891302,,,,,,,,,,,,,,
drift,random,4,497,1,1,0.0027660945398730874,64.5888829434529,,,,,,,,,,,,,,
drift,random,4,498,6,1,9.858879191049219e-05,64.58898153224482,,,,,,,,,,,,,,
drift,random,4,499,8,0,0.0005138129784708623,64.58949534522328,,,,,,,,,,,,,,
drift,random,4,500,5,1,0.0003408430489578729,64.58983618827224,,,,,,,,,,,,,,
drift,random,4,501,1,1,9.371479043018827e-05,64.58992990306267,,,,,,,,,,,,,,
drift,random,4,502,1,0,0.0002811440124582676,64.59021104707513,,,,,,,,,,,,,,
drift,random,4,503,6,1,0.0023457680596620234,64.59255681513478,,,,,,,,,,,,,,
drift,random,4,504,4,1,0.0009329618512621263,64.59348977698605,,,,,,,,,,,,,,
drift,random,4,505,6,0,0.004222365061773592,64.59771214204783,,,,,,,,,,,,,,
drift,random,4,506,5,0,0.001628297611338092,64.59934043965916,,,,,,,,,,,,,,
drift,random,4,507,3,1,0.0023573878138720694,64.60169782747303,,,,,,,,,,,,,,
drift,random,4,508,1,0,0.001405671621186988,64.60310349909422,,,,,,,,,,,,,,
drift,random,4,509,3,0,0.0030826987366538994,64.60618619783087,,,,,,,,,,,,,,
drift,random,4,510,4,1,0.0025322201179072135,64.60871841794878,,,,,,,,,,,,,,
drift,random,4,511,9,1,0.010265958556237409,64.61898437650501,,,,,,,,,,,,,,
drift,random,4,512,6,0,0.010790131841265871,64.62977450834627,,,,,,,,,,,,,,
drift,random,4,513,5,1,0.003700445352425419,64.6334749536987,,,,,,,,,,,,,,
drift,random,4,514,9,0,0.013198786759171466,64.64667374045787,,,,,,,,,,,,,,
drift,random,4,515,0,1,3.7403964371574006e-05,64.64671114442224,,,,,,,,,,,,,,
drift,random,4,516,1,1,0.002904713599759412,64.649615858022,,,,,,,,,,,,,,
drift,random,4,517,5,0,0.004884307127749454,64.65450016514976,,,,,,,,,,,,,,
drift,random,4,518,3,1,0.006346103672763781,64.66084626882252,,,,,,,,,,,,,,
drift,random,4,519,2,0,0.011355948878527256,64.67220221770106,,,,,,,,,,,,,,
drift,random,4,520,6,1,0.01829497158675203,64.69049718928781,,,,,,,,,,,,,,
drift,random,4,521,8,1,0.01302026614082391,64.70351745542864,,,,,,,,,,,,,,
drift,random,4,522,4,1,0.005729681847003398,64.70924713727564,,,,,,,,,,,,,,
drift,random,4,523,1,1,0.004215804114343413,64.71346294138998,,,,,,,,,,,,,,
drift,random,4,524,5,0,0.006955472452299549,64.72041841384228,,,,,,,,,,,,,,
drift,random,4,525,6,0,0.022984497880666588,64.74340291172295,,,,,,,,,,,,,,
drift,random,4,526,7,0,0.0,64.74340291172295,,,,,,,,,,,,,,
drift,random,4,527,5,0,0.007842822264317761,64.75124573398728,,,,,,,,,,,,,,
drift,random,4,528,9,1,0.026881501088758142,64.77812723507603,,,,,,,,,,,,,,
drift,random,4,529,6,0,0.02673539667239727,64.80486263174842,,,,,,,,,,,,,,
drift,random,4,530,6,1,0.027673007245133552,64.83253563899355,,,,,,,,,,,,,,
drift,random,4,531,1,1,0.0057132108939556,64.8382488498875,,,,,,,,,,,,,,
drift,random,4,532,9,1,0.03078922293988784,64.8690380728274,,,,,,,,,,,,,,
drift,random,4,533,9,1,0.03176601102846577,64.90080408385586,,,,,,,,,,,,,,
drift,random,4,534,2,0,0.020559324837990944,64.92136340869385,,,,,,,,,,,,,,
drift,random,4,535,7,0,0.0,64.92136340869385,,,,,,,,,,,,,,
drift,random,4,536,3,1,0.012868324794541142,64.93423173348839,,,,,,,,,,,,,,
drift,random,4,537,0,0,9.405418363395146e-05,64.93432578767202,,,,,,,,,,,,,,
drift,random,4,538,1,1,0.007022306844078341,64.9413480945161,,,,,,,,,,,,,,
drift,random,4,539,3,1,0.013954477191692072,64.95530257170779,,,,,,,,,,,,,,
drift,random,4,540,0,1,0.00010176255533322909,64.95540433426312,,,,,,,,,,,,,,
drift,random,4,541,0,1,0.00010433087012240438,64.95550866513324,,,,,,,,,,,,,,
drift,random,4,542,2,1,0.02546506160984291,64.98097372674307,,,,,,,,,,,,,,
drift,random,4,543,3,0,0.015402180232549245,64.99637590697563,,,,,,,,,,,,,,
drift,random,4,544,9,0,0.04250626616526093,65.03888217314089,,,,,,,,,,,,,,
drift,random,4,545,6,0,0.04173036345279041,65.08061253659368,,,,,,,,,,,,,,
drift,random,4,546,0,0,0.00011716321859600587,65.08072969981227,,,,,,,,,,,,,,
drift,random,4,547,8,1,0.02952078808940173,65.11025048790167,,,,,,,,,,,,,,
drift,random,4,548,2,0,0.02914273242855059,65.13939322033022,,,,,,,,,,,,,,
drift,random,4,549,8,1,0.030789023132027138,65.17018224346225,,,,,,,,,,,,,,
drift,random,4,550,8,1,0.031423071288923354,65.20160531475118,,,,,,,,,,,,,,
drift,random,4,551,1,0,0.009449808848751573,65.21105512359993,,,,,,,,,,,,,,
drift,random,4,552,2,0,0.031593622345965744,65.2426487459459,,,,,,,,,,,,,,
drift,random,4,553,1,1,0.009822768239233226,65.25247151418513,,,,,,,,,,,,,,
drift,random,4,554,8,0,0.03395877922617685,65.28643029341131,,,,,,,,,,,,,,
drift,random,4,555,5,0,0.01611147162397275,65.30254176503529,,,,,,,,,,,,,,
drift,random,4,556,7,1,0.0,65.30254176503529,,,,,,,,,,,,,,
drift,random,4,557,7,1,0.0,65.30254176503529,,,,,,,,,,,,,,
drift,random,4,558,0,1,0.00014788921084396556,65.30268965424614,,,,,,,,,,,,,,
drift,random,4,559,6,1,0.05483570217700984,65.35752535642315,,,,,,,,,,,,,,
drift,random,4,560,0,1,0.0001529990890364319,65.35767835551219,,,,,,,,,,,,,,
drift,random,4,561,4,1,0.016095712095560488,65.37377406760776,,,,,,,,,,,,,,
drift,random,4,562,2,0,0.037717289264289355,65.41149135687205,,,,,,,,,,,,,,
drift,random,4,563,2,1,0.03832935049494801,65.449820707367,,,,,,,,,,,,,,
drift,random,4,564,8,1,0.04029432288029566,65.4901150302473,,,,,,,,,,,,,,
drift,random,4,565,2,1,0.03955329411356817,65.52966832436087,,,,,,,,,,,,,,
drift,random,4,566,4,1,0.017420113133069015,65.54708843749394,,,,,,,,,,,,,,
drift,random,4,567,3,1,0.024073220730958078,65.5711616582249,,,,,,,,,,,,,,
drift,random,4,568,8,1,0.042826890177303345,65.6139885484022,,,,,,,,,,,,,,
drift,random,4,569,0,1,0.00017594874017379247,65.61416449714238,,,,,,,,,,,,,,
drift,random,4,570,5,1,0.02052691725615674,65.63469141439855,,,,,,,,,,,,,,
drift,random,4,571,0,1,0.0001810380217234231,65.63487245242027,,,,,,,,,,,,,,
drift,random,4,572,7,0,0.0,65.63487245242027,,,,,,,,,,,,,,
drift,random,4,573,3,0,0.02623598636595481,65.66110843878623,,,,,,,,,,,,,,
drift,random,4,574,9,1,0.07174077554726538,65.7328492143335,,,,,,,,,,,,,,
drift,random,4,575,4,0,0.01980048038600346,65.75264969471951,,,,,,,,,,,,,,
drift,random,4,576,7,1,0.0,65.75264969471951,,,,,,,,,,,,,,
drift,random,4,577,8,0,0.04852129395839366,65.8011709886779,,,,,,,,,,,,,,
drift,random,4,578,4,0,0.02059283561391667,65.8217638242918,,,,,,,,,,,,,,
drift,random,4,579,0,1,0.0002013528283903998,65.82196517712019,,,,,,,,,,,,,,
drift,random,4,580,8,0,0.05041814631002067,65.87238332343021,,,,,,,,,,,,,,
drift,random,4,581,0,0,0.00020642038052698375,65.87258974381074,,,,,,,,,,,,,,
drift,random,4,582,1,1,0.015210958408446329,65.88780070221918,,,,,,,,,,,,,,
drift,random,4,583,3,0,0.02983518973192334,65.91763589195111,,,,,,,,,,,,,,
drift,random,4,584,6,1,0.0781879812711832,65.99582387322229,,,,,,,,,,,,,,
drift,random,4,585,5,0,0.02492869001417597,66.02075256323647,,,,,,,,,,,,,,
drift,random,4,586,4,1,0.022702849435690564,66.04345541267216,,,,,,,,,,,,,,
drift,random,4,587,7,1,0.0,66.04345541267216,,,,,,,,,,,,,,
drift,random,4,588,2,0,0.05360917347963051,66.09706458615179,,,,,,,,,,,,,,
drift,random,4,589,4,1,0.023492940952059338,66.12055752710384,,,,,,,,,,,,,,
drift,random,4,590,4,1,0.02375615714749013,66.14431368425133,,,,,,,,,,,,,,
drift,random,4,591,5,1,0.02668492030479841,66.17099860455613,,,,,,,,,,,,,,
drift,random,4,592,5,1,0.026977354578408774,66.19797595913454,,,,,,,,,,,,,,
drift,random,4,593,0,1,0.0002367233176253647,66.19821268245217,,,,,,,,,,,,,,
drift,random,4,594,2,1,0.057269194107063603,66.25548187655923,,,,,,,,,,,,,,
drift,random,4,595,8,1,0.05989164891638327,66.31537352547561,,,,,,,,,,,,,,
drift,random,4,596,8,0,0.06052253074844027,66.37589605622405,,,,,,,,,,,,,,
drift,random,4,597,0,0,0.00024678259764032706,66.37614283882169,,,,,,,,,,,,,,
drift,random,4,598,1,1,0.018164003525461103,66.39430684234715,,,,,,,,,,,,,,
drift,random,4,599,5,0,0.029022117114175572,66.42332895946133,,,,,,,,,,,,,,
drift,random,4,600,2,1,0.06092604041298588,66.48425499987431,,,,,,,,,,,,,,
drift,random,4,601,7,0,0.0,66.48425499987431,,,,,,,,,,,,,,
drift,random,4,602,2,0,0.06214424939118962,66.5463992492655,,,,,,,,,,,,,,
drift,random,4,603,3,0,0.03701009000534361,66.58340933927084,,,,,,,,,,,,,,
drift,random,4,604,8,0,0.06556623450313454,66.64897557377398,,,,,,,,,,,,,,
drift,random,4,605,5,1,0.030771444386893165,66.67974701816087,,,,,,,,,,,,,,
drift,random,4,606,6,0,0.09866771309710032,66.77841473125797,,,,,,,,,,,,,,
drift,random,4,607,9,1,0.10375507244615323,66.88216980370412,,,,,,,,,,,,,,
drift,random,4,608,3,0,0.038798267426773725,66.92096807113089,,,,,,,,,,,,,,
drift,random,4,609,9,1,0.10568911579510393,67.02665718692599,,,,,,,,,,,,,,
drift,random,4,610,0,1,0.000279316389272255,67.02693650331526,,,,,,,,,,,,,,
drift,random,4,611,2,0,0.06762135510076778,67.09455785841602,,,,,,,,,,,,,,
drift,random,4,612,4,1,0.029526441199912212,67.12408429961593,,,,,,,,,,,,,,
drift,random,4,613,5,1,0.033098773706416895,67.15718307332234,,,,,,,,,,,,,,
drift,random,4,614,6,0,0.10609502811722399,67.26327810143957,,,,,,,,,,,,,,
drift,random,4,615,2,0,0.07005296614690198,67.33333106758647,,,,,,,,,,,,,,
drift,random,4,616,5,0,0.03396993895548217,67.36730100654195,,,,,,,,,,,,,,
drift,random,4,617,7,0,0.0,67.36730100654195,,,,,,,,,,,,,,
drift,random,4,618,0,1,0.00029920678251948996,67.36760021332447,,,,,,,,,,,,,,
drift,random,4,619,6,1,0.11073111584113476,67.4783313291656,,,,,,,,,,,,,,
drift,random,4,620,4,0,0.031614007989613224,67.50994533715522,,,,,,,,,,,,,,
drift,random,4,621,4,1,0.03187451436441202,67.54181985151963,,,,,,,,,,,,,,
drift,random,4,622,5,0,0.035709550916444344,67.57752940243608,,,,,,,,,,,,,,
drift,random,4,623,6,1,0.11443651010844869,67.69196591254453,,,,,,,,,,,,,,
drift,random,4,624,2,0,0.07551772032722587,67.76748363287176,,,,,,,,,,,,,,
drift,random,4,625,1,0,0.0231057856543192,67.79058941852608,,,,,,,,,,,,,,
drift,random,4,626,0,0,0.0003189894077013644,67.79090840793378,,,,,,,,,,,,,,
drift,random,4,627,9,0,0.1230578303503383,67.91396623828412,,,,,,,,,,,,,,
drift,random,4,628,8,0,0.08065770239153747,67.99462394067565,,,,,,,,,,,,,,
drift,random,4,629,6,0,0.11998857182925476,68.1146125125049,,,,,,,,,,,,,,
drift,random,4,630,9,0,0.12594559494141805,68.24055810744632,,,,,,,,,,,,,,
drift,random,4,631,2,1,0.07976164921275858,68.32031975665907,,,,,,,,,,,,,,
drift,random,4,632,1,0,0.02437713751058823,68.34469689416966,,,,,,,,,,,,,,
drift,random,4,633,6,0,0.12368577999381491,68.46838267416348,,,,,,,,,,,,,,
drift,random,4,634,2,0,0.08157866678368253,68.54996134094716,,,,,,,,,,,,,,
drift,random,4,635,1,1,0.024920636958893128,68.57488197790606,,,,,,,,,,,,,,
drift,random,4,636,6,1,0.12645642764880832,68.70133840555486,,,,,,,,,,,,,,
drift,random,4,637,0,0,0.0003460019566190464,68.70168440751148,,,,,,,,,,,,,,
drift,random,4,638,6,1,0.12830242725123453,68.8299868347627,,,,,,,,,,,,,,
drift,random,4,639,6,0,0.12922509273898203,68.95921192750168,,,,,,,,,,,,,,
drift,random,4,640,6,1,0.13014753328216055,69.08935946078384,,,,,,,,,,,,,,
drift,random,4,641,7,0,0.0,69.08935946078384,,,,,,,,,,,,,,
drift,random,4,642,6,0,0.13199173333741848,69.22135119412125,,,,,,,,,,,,,,
drift,random,4,643,1,1,0.026365788468115214,69.24771698258937,,,,,,,,,,,,,,
drift,random,4,644,6,1,0.13383501503802364,69.38155199762738,,,,,,,,,,,,,,
drift,random,4,645,5,0,0.04234154286515679,69.42389354049254,,,,,,,,,,,,,,
drift,random,4,646,5,1,0.04262847789050905,69.46652201838305,,,,,,,,,,,,,,
drift,random,4,647,9,0,0.14226792301507907,69.60878994139813,,,,,,,,,,,,,,
drift,random,4,648,3,0,0.0530066666956841,69.66179660809381,,,,,,,,,,,,,,
drift,random,4,649,1,1,0.02744550566008952,69.68924211375389,,,,,,,,,,,,,,
drift,random,4,650,5,1,0.04377496516877433,69.73301707892267,,,,,,,,,,,,,,
drift,random,4,651,9,1,0.14609759219882318,69.8791146711215,,,,,,,,,,,,,,
drift,random,4,652,1,1,0.027983981630759658,69.90709865275225,,,,,,,,,,,,,,
drift,random,4,653,4,1,0.04015341977948417,69.94725207253174,,,,,,,,,,,,,,
drift,random,4,654,7,1,0.0,69.94725207253174,,,,,,,,,,,,,,
drift,random,4,655,9,0,0.14992288745805005,70.09717495998979,,,,,,,,,,,,,,
drift,random,4,656,9,0,0.150878515023518,70.24805347501331,,,,,,,,,,,,,,
drift,random,4,657,9,0,0.1518338606798636,70.39988733569317,,,,,,,,,,,,,,
drift,random,4,658,8,0,0.09942316876071261,70.49931050445387,,,,,,,,,,,,,,
drift,random,4,659,3,1,0.05687922005119861,70.55618972450507,,,,,,,,,,,,,,
drift,random,4,660,3,0,0.05723043852154108,70.61342016302662,,,,,,,,,,,,,,
drift,random,4,661,8,1,0.10129283044872245,70.71471299347535,,,,,,,,,,,,,,
drift,random,4,662,0,1,0.00040649570114559275,70.71511948917649,,,,,,,,,,,,,,
drift,random,4,663,2,1,0.09908185817506249,70.81420134735156,,,,,,,,,,,,,,
drift,random,4,664,7,0,0.0,70.81420134735156,,,,,,,,,,,,,,
drift,random,4,665,3,0,0.05898438026075703,70.87318572761231,,,,,,,,,,,,,,
drift,random,4,666,5,1,0.04833997177151206,70.92152569938382,,,,,,,,,,,,,,
drift,random,4,667,9,1,0.16137143905370843,71.08289713843753,,,,,,,,,,,,,,
drift,random,4,668,7,1,0.0,71.08289713843753,,,,,,,,,,,,,,
drift,random,4,669,0,0,0.0004231898270526946,71.08332032826458,,,,,,,,,,,,,,
drift,random,4,670,5,1,0.04947573347775991,71.13279606174234,,,,,,,,,,,,,,
drift,random,4,671,0,0,0.0004279386866922197,71.13322400042904,,,,,,,,,,,,,,
drift,random,4,672,9,0,0.1661290647635283,71.29935306519256,,,,,,,,,,,,,,
drift,random,4,673,2,0,0.10508928591080685,71.40444235110337,,,,,,,,,,,,,,
drift,random,4,674,8,0,0.1093788305378896,71.51382118164126,,,,,,,,,,,,,,
drift,random,4,675,3,1,0.06248117934639441,71.57630236098765,,,,,,,,,,,,,,
drift,random,4,676,4,1,0.04602603475138145,71.62232839573903,,,,,,,,,,,,,,
drift,random,4,677,1,0,0.032432889680448884,71.65476128541948,,,,,,,,,,,,,,
drift,random,4,678,5,0,0.05174031675121593,71.7065016021707,,,,,,,,,,,,,,
drift,random,4,679,8,1,0.11248169233652128,71.81898329450722,,,,,,,,,,,,,,
drift,random,4,680,1,1,0.032961876993611416,71.85194517150083,,,,,,,,,,,,,,
drift,random,4,681,2,1,0.10988386005376949,71.9618290315546,,,,,,,,,,,,,,
drift,random,4,682,6,0,0.16866661089950336,72.13049564245411,,,,,,,,,,,,,,
drift,random,4,683,2,1,0.11108086814433976,72.24157651059845,,,,,,,,,,,,,,
drift,random,4,684,4,1,0.048051431768042385,72.2896279423665,,,,,,,,,,,,,,
drift,random,4,685,9,0,0.1784622366625771,72.46809017902908,,,,,,,,,,,,,,
drift,random,4,686,7,1,0.0,72.46809017902908,,,,,,,,,,,,,,
drift,random,4,687,6,0,0.17322030141312078,72.6413104804422,,,,,,,,,,,,,,
drift,random,4,688,7,1,0.0,72.6413104804422,,,,,,,,,,,,,,
drift,random,4,689,2,1,0.11466785974693006,72.75597834018913,,,,,,,,,,,,,,
drift,random,4,690,5,0,0.055119097340910694,72.81109743753004,,,,,,,,,,,,,,
drift,random,4,691,8,0,0.1199115075512282,72.93100894508126,,,,,,,,,,,,,,
drift,random,4,692,7,0,0.0,72.93100894508126,,,,,,,,,,,,,,
drift,random,4,693,7,1,0.0,72.93100894508126,,,,,,,,,,,,,,
drift,random,4,694,3,1,0.06908182548308828,73.00009077056434,,,,,,,,,,,,,,
drift,random,4,695,7,0,0.0,73.00009077056434,,,,,,,,,,,,,,
drift,random,4,696,0,1,0.00048646985790490316,73.00057724042225,,,,,,,,,,,,,,
drift,random,4,697,6,1,0.1823051964232424,73.18288243684549,,,,,,,,,,,,,,
drift,random,4,698,1,0,0.0361120359631506,73.21899447280865,,,,,,,,,,,,,,
drift,random,4,699,7,1,0.0,73.21899447280865,,,,,,,,,,,,,,
drift,random,4,700,7,0,0.0,73.21899447280865,,,,,,,,,,,,,,
drift,random,4,701,0,1,0.000497982316655099,73.2194924551253,,,,,,,,,,,,,,
drift,random,4,702,7,1,0.0,73.2194924551253,,,,,,,,,,,,,,
drift,random,4,703,9,0,0.19544602244161874,73.41493847756692,,,,,,,,,,,,,,
drift,random,4,704,4,1,0.05307243945550544,73.46801091702243,,,,,,,,,,,,,,
drift,random,4,705,4,1,0.0533218229549175,73.52133273997734,,,,,,,,,,,,,,
drift,random,4,706,2,0,0.1247968000210331,73.64612953999837,,,,,,,,,,,,,,
drift,random,4,707,5,0,0.059866215217785235,73.70599575521615,,,,,,,,,,,,,,
drift,random,4,708,7,1,0.0,73.70599575521615,,,,,,,,,,,,,,
drift,random,4,709,7,1,0.0,73.70599575521615,,,,,,,,,,,,,,
drift,random,4,710,0,0,0.0005185325811002395,73.70651428779725,,,,,,,,,,,,,,
drift,random,4,711,4,0,0.05481465499269356,73.76132894278994,,,,,,,,,,,,,,
drift,random,4,712,8,1,0.13285206425138135,73.89418100704133,,,,,,,,,,,,,,
drift,random,4,713,3,1,0.0756211338271977,73.96980214086852,,,,,,,,,,,,,,
drift,random,4,714,9,0,0.20576827705860407,74.17557041792713,,,,,,,,,,,,,,
drift,random,4,715,1,0,0.03904750587556116,74.21461792380269,,,,,,,,,,,,,,
drift,random,4,716,4,1,0.056054061451818904,74.27067198525451,,,,,,,,,,,,,,
drift,random,4,717,9,0,0.20857561329086188,74.47924759854537,,,,,,,,,,,,,,
drift,random,4,718,6,1,0.20128024074298567,74.68052783928836,,,,,,,,,,,,,,
drift,random,4,719,5,1,0.06318747007563086,74.74371530936399,,,,,,,,,,,,,,
drift,random,4,720,9,1,0.21137951655681703,74.95509482592081,,,,,,,,,,,,,,
drift,random,4,721,6,0,0.20397896243765634,75.15907378835847,,,,,,,,,,,,,,
drift,random,4,722,1,1,0.040244331071932815,75.1993181194304,,,,,,,,,,,,,,
drift,random,4,723,8,0,0.13959702226653137,75.33891514169693,,,,,,,,,,,,,,
drift,random,4,724,9,1,0.21511264174490768,75.55402778344184,,,,,,,,,,,,,,
drift,random,4,725,5,1,0.06483843371704745,75.61886621715888,,,,,,,,,,,,,,
drift,random,4,726,5,0,0.0651129519972714,75.68397916915616,,,,,,,,,,,,,,
drift,random,4,727,3,0,0.08039718628935355,75.76437635544552,,,,,,,,,,,,,,
drift,random,4,728,6,0,0.2102638071443244,75.97464016258985,,,,,,,,,,,,,,
drift,random,4,729,8,1,0.14326588120535239,76.1179060437952,,,,,,,,,,,,,,
drift,random,4,730,4,0,0.059501282492366525,76.17740732628756,,,,,,,,,,,,,,
drift,random,4,731,5,1,0.06648274783842312,76.24389007412599,,,,,,,,,,,,,,
drift,random,4,732,9,0,0.22255996598483313,76.46645004011081,,,,,,,,,,,,,,
drift,random,4,733,6,1,0.21474234113477858,76.6811923812456,,,,,,,,,,,,,,
drift,random,4,734,5,1,0.0673023634456108,76.7484947446912,,,,,,,,,,,,,,
drift,random,4,735,0,0,0.0005743947660223903,76.74906913945722,,,,,,,,,,,,,,
drift,random,4,736,1,0,0.04261609334846317,76.79168523280568,,,,,,,,,,,,,,
drift,random,4,737,0,0,0.0005787826811493035,76.79226401548682,,,,,,,,,,,,,,
drift,random,4,738,7,1,0.0,76.79226401548682,,,,,,,,,,,,,,
drift,random,4,739,5,0,0.06866455879167777,76.8609285742785,,,,,,,,,,,,,,
drift,random,4,740,7,0,0.0,76.8609285742785,,,,,,,,,,,,,,
drift,random,4,741,6,0,0.22188907741480962,77.08281765169332,,,,,,,,,,,,,,
drift,random,4,742,0,1,0.0005896980182468203,77.08340734971156,,,,,,,,,,,,,,
drift,random,4,743,0,1,0.0005918716716571959,77.08399922138322,,,,,,,,,,,,,,
drift,random,4,744,0,1,0.0005940421640376892,77.08459326354726,,,,,,,,,,,,,,
drift,random,4,745,7,1,0.0,77.08459326354726,,,,,,,,,,,,,,
drift,random,4,746,4,0,0.06339733776912992,77.1479906013164,,,,,,,,,,,,,,
drift,random,4,747,5,1,0.07083391903119307,77.21882452034758,,,,,,,,,,,,,,
drift,random,4,748,4,0,0.06388094418554813,77.28270546453312,,,,,,,,,,,,,,
drift,random,4,749,7,0,0.0,77.28270546453312,,,,,,,,,,,,,,
drift,random,4,750,1,1,0.04495739864336423,77.32766286317649,,,,,,,,,,,,,,
drift,random,4,751,7,0,0.0,77.32766286317649,,,,,,,,,,,,,,
drift,random,4,752,5,0,0.07218329007006308,77.39984615324654,,,,,,,,,,,,,,
drift,random,4,753,2,1,0.15250889065008938,77.55235504389663,,,,,,,,,,,,,,
drift,random,4,754,3,0,0.08949820979420586,77.64185325369083,,,,,,,,,,,,,,
drift,random,4,755,8,0,0.1590763083267448,77.80092956201757,,,,,,,,,,,,,,
drift,random,4,756,8,0,0.1596814327875204,77.9606109948051,,,,,,,,,,,,,,
drift,random,4,757,3,1,0.09050001229464921,78.05111100709975,,,,,,,,,,,,,,
drift,random,4,758,3,1,0.0908335128624832,78.14194451996224,,,,,,,,,,,,,,
drift,random,4,759,0,0,0.0006262136519927797,78.14257073361424,,,,,,,,,,,,,,
drift,random,4,760,7,1,0.0,78.14257073361424,,,,,,,,,,,,,,
drift,random,4,761,6,0,0.23964991449558853,78.38222064810982,,,,,,,,,,,,,,
drift,random,4,762,9,0,0.2502506711561768,78.632471319266,,,,,,,,,,,,,,
drift,random,4,763,4,1,0.06748299025899085,78.699954309525,,,,,,,,,,,,,,
drift,random,4,764,4,0,0.06772152718950275,78.7676758367145,,,,,,,,,,,,,,
drift,random,4,765,1,1,0.047430458237757156,78.81510629495226,,,,,,,,,,,,,,
drift,random,4,766,0,1,0.0006409738190119585,78.81574726877128,,,,,,,,,,,,,,
drift,random,4,767,2,0,0.16067217171737835,78.97641944048866,,,,,,,,,,,,,,
drift,random,4,768,0,1,0.0006451607521809066,78.97706460124084,,,,,,,,,,,,,,
drift,random,4,769,2,1,0.16183467885895697,79.13889928009979,,,,,,,,,,,,,,
drift,random,4,770,6,0,0.24759076639091332,79.3864900464907,,,,,,,,,,,,,,
drift,random,4,771,4,0,0.06938555219450648,79.45587559868521,,,,,,,,,,,,,,
drift,random,4,772,7,1,0.0,79.45587559868521,,,,,,,,,,,,,,
drift,random,4,773,8,0,0.1699332152921938,79.6258088139774,,,,,,,,,,,,,,
drift,random,4,774,8,1,0.17053414106010562,79.7963429550375,,,,,,,,,,,,,,
drift,random,4,775,3,0,0.09646910340089121,79.8928120584384,,,,,,,,,,,,,,
drift,random,4,776,4,1,0.07056791787080696,79.9633799763092,,,,,,,,,,,,,,
drift,random,4,777,7,1,0.0,79.9633799763092,,,,,,,,,,,,,,
drift,random,4,778,7,1,0.0,79.9633799763092,,,,,,,,,,,,,,
drift,random,4,779,6,1,0.255498316588901,80.2188782928981,,,,,,,,,,,,,,
drift,random,4,780,4,0,0.07151001738340068,80.2903883102815,,,,,,,,,,,,,,
drift,random,4,781,7,1,0.0,80.2903883102815,,,,,,,,,,,,,,
drift,random,4,782,4,0,0.0719797894635319,80.36236809974503,,,,,,,,,,,,,,
drift,random,4,783,1,1,0.05034726262818112,80.4127153623732,,,,,,,,,,,,,,
drift,random,4,784,2,0,0.17052324320521506,80.58323860557842,,,,,,,,,,,,,,
drift,random,4,785,3,0,0.09975336246840738,80.68299196804682,,,,,,,,,,,,,,
drift,random,4,786,1,1,0.0508278120846265,80.73381978013144,,,,,,,,,,,,,,
drift,random,4,787,0,1,0.0006842495177081798,80.73450402964914,,,,,,,,,,,,,,
drift,random,4,788,5,0,0.08174360302724004,80.81624763267638,,,,,,,,,,,,,,
drift,random,4,789,3,0,0.10106048409615953,80.91730811677255,,,,,,,,,,,,,,
drift,random,4,790,5,0,0.08226639011723846,80.99957450688979,,,,,,,,,,,,,,
drift,random,4,791,0,1,0.0006923170457902028,81.00026682393558,,,,,,,,,,,,,,
drift,random,4,792,3,0,0.10203831777601113,81.10230514171158,,,,,,,,,,,,,,
drift,random,4,793,0,0,0.0006963293087449696,81.10300147102032,,,,,,,,,,,,,,
drift,random,4,794,4,0,0.07478023363360653,81.17778170465392,,,,,,,,,,,,,,
drift,random,4,795,0,1,0.0007003271526513366,81.17848203180658,,,,,,,,,,,,,,
drift,random,4,796,7,1,0.0,81.17848203180658,,,,,,,,,,,,,,
drift,random,4,797,5,0,0.08408893418597396,81.26257096599255,,,,,,,,,,,,,,
drift,random,4,798,8,1,0.1848826740916628,81.44745364008422,,,,,,,,,,,,,,
drift,random,4,799,5,1,0.08460758079530828,81.53206122087953,,,,,,,,,,,,,,
drift,random,4,800,9,0,0.2847415936237963,81.81680281450332,,,,,,,,,,,,,,
drift,random,4,801,5,1,0.0851252940072279,81.90192810851055,,,,,,,,,,,,,,
drift,random,4,802,0,1,0.0007142051531706661,81.90264231366372,,,,,,,,,,,,,,
drift,random,4,803,4,1,0.07685968032643664,81.97950199399016,,,,,,,,,,,,,,
drift,random,4,804,2,0,0.1820219715843875,82.16152396557455,,,,,,,,,,,,,,
drift,random,4,805,1,1,0.053832896413087084,82.21535686198763,,,,,,,,,,,,,,
drift,random,4,806,0,1,0.0007220547724046122,82.21607891676004,,,,,,,,,,,,,,
drift,random,4,807,3,0,0.1068946057204665,82.32297352248051,,,,,,,,,,,,,,
drift,random,4,808,7,1,0.0,82.32297352248051,,,,,,,,,,,,,,
drift,random,4,809,4,1,0.07823579964317384,82.40120932212368,,,,,,,,,,,,,,
drift,random,4,810,0,1,0.0007298451248320958,82.40193916724851,,,,,,,,,,,,,,
drift,random,4,811,5,0,0.08769969290691892,82.48963886015544,,,,,,,,,,,,,,
drift,random,4,812,7,0,0.0,82.48963886015544,,,,,,,,,,,,,,
drift,random,4,813,3,1,0.10882145646286223,82.5984603166183,,,,,,,,,,,,,,
drift,random,4,814,1,1,0.05523260652836848,82.65369292314666,,,,,,,,,,,,,,
drift,random,4,815,0,0,0.0007394990096352139,82.6544324221563,,,,,,,,,,,,,,
drift,random,4,816,8,0,0.19554748079466888,82.84997990295098,,,,,,,,,,,,,,
drift,random,4,817,1,0,0.05569569979187905,82.90567560274286,,,,,,,,,,,,,,
drift,random,4,818,5,0,0.08948750269210204,82.99516310543497,,,,,,,,,,,,,,
drift,random,4,819,5,0,0.08974193096964045,83.0849050364046,,,,,,,,,,,,,,
drift,random,4,820,2,0,0.19114685720312485,83.27605189360773,,,,,,,,,,,,,,
drift,random,4,821,8,1,0.1984946284916942,83.47454652209942,,,,,,,,,,,,,,
drift,random,4,822,0,0,0.0007528559541460922,83.47529937805356,,,,,,,,,,,,,,
drift,random,4,823,9,1,0.3052715063201829,83.78057088437374,,,,,,,,,,,,,,
drift,random,4,824,2,1,0.19341743901461295,83.97398832338835,,,,,,,,,,,,,,
drift,random,4,825,7,1,0.0,83.97398832338835,,,,,,,,,,,,,,
drift,random,4,826,5,0,0.09151603789109342,84.06550436127945,,,,,,,,,,,,,,
drift,random,4,827,4,1,0.08231398085866104,84.14781834213811,,,,,,,,,,,,,,
drift,random,4,828,8,0,0.20260918817931378,84.35042753031742,,,,,,,,,,,,,,
drift,random,4,829,5,0,0.09227264713079675,84.44270017744822,,,,,,,,,,,,,,
drift,random,4,830,3,0,0.11423072730529427,84.55693090475351,,,,,,,,,,,,,,
drift,random,4,831,3,1,0.1145465682146708,84.67147747296819,,,,,,,,,,,,,,
drift,random,4,832,7,0,0.0,84.67147747296819,,,,,,,,,,,,,,
drift,random,4,833,3,1,0.11517745440823801,84.78665492737643,,,,,,,,,,,,,,
drift,random,4,834,3,1,0.11549249853148957,84.90214742590793,,,,,,,,,,,,,,
drift,random,4,835,7,0,0.0,84.90214742590793,,,,,,,,,,,,,,
drift,random,4,836,9,0,0.31675249831417995,85.2188999242221,,,,,,,,,,,,,,
drift,random,4,837,1,0,0.05873750573466352,85.27763742995677,,,,,,,,,,,,,,
drift,random,4,838,9,0,0.31851069718994274,85.5961481271467,,,,,,,,,,,,,,
drift,random,4,839,9,0,0.3193889764079318,85.91553710355464,,,,,,,,,,,,,,
drift,random,4,840,9,0,0.320266707255798,86.23580381081044,,,,,,,,,,,,,,
drift,random,4,841,7,0,0.0,86.23580381081044,,,,,,,,,,,,,,
drift,random,4,842,1,0,0.059485354957071856,86.29528916576751,,,,,,,,,,,,,,
drift,random,4,843,6,1,0.3106915916166458,86.60598075738416,,,,,,,,,,,,,,
drift,random,4,844,0,1,0.0007936068471693369,86.60677436423133,,,,,,,,,,,,,,
drift,random,4,845,6,0,0.31238513656159483,86.91915950079292,,,,,,,,,,,,,,
drift,random,4,846,5,0,0.09651707862285497,87.01567657941577,,,,,,,,,,,,,,
drift,random,4,847,6,1,0.3140766878635066,87.32975326727927,,,,,,,,,,,,,,
drift,random,4,848,2,1,0.20694847548639217,87.53670174276567,,,,,,,,,,,,,,
drift,random,4,849,4,1,0.08719262134011829,87.6238943641058,,,,,,,,,,,,,,
drift,random,4,850,6,0,0.3166102583560517,87.94050462246184,,,,,,,,,,,,,,
drift,random,4,851,8,0,0.21603190864686422,88.15653653110871,,,,,,,,,,,,,,
drift,random,4,852,9,0,0.33075628472078933,88.4872928158295,,,,,,,,,,,,,,
drift,random,4,853,0,1,0.000809729534066439,88.48810254536357,,,,,,,,,,,,,,
drift,random,4,854,6,1,0.31998129652606233,88.80808384188964,,,,,,,,,,,,,,
drift,random,4,855,4,1,0.0885023040144075,88.89658614590405,,,,,,,,,,,,,,
drift,random,4,856,4,0,0.08871969891310105,88.98530584481715,,,,,,,,,,,,,,
drift,random,4,857,6,1,0.32250424714068093,89.30781009195783,,,,,,,,,,,,,,
drift,random,4,858,9,0,0.3359707824596094,89.64378087441744,,,,,,,,,,,,,,
drift,random,4,859,5,0,0.09971234017386632,89.74349321459131,,,,,,,,,,,,,,
drift,random,4,860,8,1,0.22124284548399337,89.96473606007531,,,,,,,,,,,,,,
drift,random,4,861,1,1,0.06227987876288987,90.0270159388382,,,,,,,,,,,,,,
drift,random,4,862,4,1,0.09001871187796817,90.11703465071618,,,,,,,,,,,,,,
drift,random,4,863,6,0,0.327536328357592,90.44457097907377,,,,,,,,,,,,,,
drift,random,4,864,2,0,0.21587830437639283,90.66044928345016,,,,,,,,,,,,,,
drift,random,4,865,4,0,0.09066475392624451,90.75111403737641,,,,,,,,,,,,,,
drift,random,4,866,5,0,0.10141430395079754,90.85252834132721,,,,,,,,,,,,,,
drift,random,4,867,7,1,0.0,90.85252834132721,,,,,,,,,,,,,,
drift,random,4,868,6,1,0.3317155242301826,91.18424386555739,,,,,,,,,,,,,,
drift,random,4,869,1,1,0.06343367929451793,91.24767754485191,,,,,,,,,,,,,,
drift,random,4,870,5,1,0.10238093442178886,91.3500584792737,,,,,,,,,,,,,,
drift,random,4,871,4,1,0.09194984706477971,91.44200832633848,,,,,,,,,,,,,,
drift,random,4,872,9,0,0.3480577602912597,91.79006608662974,,,,,,,,,,,,,,
drift,random,4,873,2,1,0.22086833299298403,92.01093441962271,,,,,,,,,,,,,,
drift,random,4,874,4,0,0.0925888737524484,92.10352329337516,,,,,,,,,,,,,,
drift,random,4,875,9,0,0.3506330121192085,92.45415630549437,,,,,,,,,,,,,,
drift,random,4,876,4,1,0.09301357971428414,92.54716988520865,,,,,,,,,,,,,,
drift,random,4,877,9,0,0.3523469085068206,92.89951679371546,,,,,,,,,,,,,,
drift,random,4,878,5,1,0.1043011332595184,93.00381792697497,,,,,,,,,,,,,,
drift,random,4,879,7,1,0.0,93.00381792697497,,,,,,,,,,,,,,
drift,random,4,880,1,1,0.06499757819988461,93.06881550517485,,,,,,,,,,,,,,
drift,random,4,881,2,0,0.22528355660633675,93.2940990617812,,,,,,,,,,,,,,
drift,random,4,882,5,0,0.1052546418343917,93.39935370361559,,,,,,,,,,,,,,
drift,random,4,883,5,1,0.10549232745512405,93.50484603107071,,,,,,,,,,,,,,
drift,random,4,884,5,1,0.10572973556064347,93.61057576663136,,,,,,,,,,,,,,
drift,random,4,885,5,0,0.10596686570113756,93.71654263233249,,,,,,,,,,,,,,
drift,random,4,886,9,1,0.3600301174938187,94.07657274982631,,,,,,,,,,,,,,
drift,random,4,887,1,1,0.06597898934911828,94.14255173917543,,,,,,,,,,,,,,
drift,random,4,888,4,1,0.09553956952724219,94.23809130870268,,,,,,,,,,,,,,
drift,random,4,889,6,0,0.3491242755639606,94.58721558426664,,,,,,,,,,,,,,
drift,random,4,890,5,0,0.10714833131278878,94.69436391557943,,,,,,,,,,,,,,
drift,random,4,891,8,1,0.23900576459228784,94.93336968017172,,,,,,,,,,,,,,
drift,random,4,892,9,1,0.3651253410935237,95.29849502126524,,,,,,,,,,,,,,
drift,random,4,893,2,0,0.2318698544630346,95.53036487572827,,,,,,,,,,,,,,
drift,random,4,894,5,0,0.10808845522590571,95.63845333095418,,,,,,,,,,,,,,
drift,random,4,895,4,1,0.09699525458505998,95.73544858553923,,,,,,,,,,,,,,
drift,random,4,896,4,1,0.09720212731931355,95.83265071285854,,,,,,,,,,,,,,
drift,random,4,897,4,0,0.09740872826975011,95.9300594411283,,,,,,,,,,,,,,
drift,random,4,898,8,0,0.24297574624897877,96.17303518737727,,,,,,,,,,,,,,
drift,random,4,899,2,1,0.23514632185425566,96.40818150923153,,,,,,,,,,,,,,
drift,random,4,900,5,1,0.10949016173406456,96.51767167096558,,,,,,,,,,,,,,
drift,random,4,901,8,1,0.2446724365273526,96.76234410749294,,,,,,,,,,,,,,
drift,random,4,902,9,0,0.3735688753455071,97.13591298283845,,,,,,,,,,,,,,
drift,random,4,903,1,1,0.06818124231168854,97.20409422515014,,,,,,,,,,,,,,
drift,random,4,904,1,1,0.06831696931010112,97.27241119446025,,,,,,,,,,,,,,
drift,random,4,905,0,1,0.0008964160136460952,97.27330761047389,,,,,,,,,,,,,,
drift,random,4,906,0,0,0.0008979725467205268,97.27420558302062,,,,,,,,,,,,,,
drift,random,4,907,2,1,0.23949740484194498,97.51370298786256,,,,,,,,,,,,,,
drift,random,4,908,3,1,0.1380288138876955,97.65173180175026,,,,,,,,,,,,,,
drift,random,4,909,3,1,0.13832237494865396,97.79005417669892,,,,,,,,,,,,,,
drift,random,4,910,6,0,0.3662941356632414,98.15634831236216,,,,,,,,,,,,,,
drift,random,4,911,3,1,0.13890858187363564,98.29525689423579,,,,,,,,,,,,,,
drift,random,4,912,0,1,0.0009072225966313407,98.29616411683243,,,,,,,,,,,,,,
drift,random,4,913,6,1,0.3687269859380094,98.66489110277044,,,,,,,,,,,,,,
drift,random,4,914,5,0,0.11272076898361527,98.77761187175406,,,,,,,,,,,,,,
drift,random,4,915,4,0,0.10108062248024985,98.87869249423431,,,,,,,,,,,,,,
drift,random,4,916,3,0,0.1403687401951128,99.01906123442943,,,,,,,,,,,,,,
drift,random,4,917,8,0,0.2536728678655025,99.27273410229493,,,,,,,,,,,,,,
drift,random,4,918,7,1,0.0,99.27273410229493,,,,,,,,,,,,,,
drift,random,4,919,6,0,0.3735774644284212,99.64631156672336,,,,,,,,,,,,,,
drift,random,4,920,5,0,0.11408794294807056,99.76039950967143,,,,,,,,,,,,,,
drift,random,4,921,1,1,0.07058937193819825,99.83098888160963,,,,,,,,,,,,,,
drift,random,4,922,8,1,0.25646852154705657,100.08745740315669,,,,,,,,,,,,,,
drift,random,4,923,8,1,0.2570266716831126,100.3444840748398,,,,,,,,,,,,,,
drift,random,4,924,2,0,0.24867585191640068,100.5931599267562,,,,,,,,,,,,,,
drift,random,4,925,0,1,0.0009267375599408822,100.59408666431614,,,,,,,,,,,,,,
drift,random,4,926,2,1,0.24974954582949,100.84383621014562,,,,,,,,,,,,,,
drift,random,4,927,3,0,0.14355391496537107,100.98739012511099,,,,,,,,,,,,,,
drift,random,4,928,2,1,0.2508219380904967,101.23821206320149,,,,,,,,,,,,,,
drift,random,4,929,4,0,0.10387414399543449,101.34208620719693,,,,,,,,,,,,,,
drift,random,4,930,4,0,0.1040715622271372,101.44615776942406,,,,,,,,,,,,,,
drift,random,4,931,7,1,0.0,101.44615776942406,,,,,,,,,,,,,,
drift,random,4,932,2,0,0.25296280372636687,101.69912057315042,,,,,,,,,,,,,,
drift,random,4,933,7,0,0.0,101.69912057315042,,,,,,,,,,,,,,
drift,random,4,934,9,0,0.40017074842578926,102.09929132157622,,,,,,,,,,,,,,
drift,random,4,935,3,0,0.1458466854176148,102.24513800699383,,,,,,,,,,,,,,
drift,random,4,936,2,0,0.25509842126488375,102.50023642825872,,,,,,,,,,,,,,
drift,random,4,937,5,1,0.11790406610085591,102.61814049435958,,,,,,,,,,,,,,
drift,random,4,938,8,0,0.2653593229296328,102.8834998172892,,,,,,,,,,,,,,
drift,random,4,939,5,0,0.1183473716003478,103.00184718888956,,,,,,,,,,,,,,
drift,random,4,940,3,0,0.1472694190705558,103.14911660796011,,,,,,,,,,,,,,
drift,random,4,941,0,0,0.0009497589810214535,103.15006636694113,,,,,,,,,,,,,,
drift,random,4,942,7,1,0.0,103.15006636694113,,,,,,,,,,,,,,
drift,random,4,943,2,1,0.25882304254857236,103.4088894094897,,,,,,,,,,,,,,
drift,random,4,944,6,0,0.393565746878002,103.8024551563677,,,,,,,,,,,,,,
drift,random,4,945,8,0,0.26922222598613504,104.07167738235384,,,,,,,,,,,,,,
drift,random,4,946,9,1,0.4099783064669744,104.48165568882081,,,,,,,,,,,,,,
drift,random,4,947,1,0,0.07393489711510914,104.55559058593592,,,,,,,,,,,,,,
drift,random,4,948,4,1,0.10757613960603463,104.66316672554196,,,,,,,,,,,,,,
drift,random,4,949,2,0,0.2620026095987606,104.92516933514072,,,,,,,,,,,,,,
drift,random,4,950,0,1,0.0009622218186330356,104.92613155695936,,,,,,,,,,,,,,
drift,random,4,951,5,1,0.12098191964868077,105.04711347660805,,,,,,,,,,,,,,
drift,random,4,952,4,1,0.10834223046982883,105.15545570707788,,,,,,,,,,,,,,
drift,random,4,953,5,1,0.12141677170993503,105.27687247878781,,,,,,,,,,,,,,
drift,random,4,954,0,1,0.0009676479019837814,105.2778401266898,,,,,,,,,,,,,,
drift,random,4,955,1,1,0.07493211221155671,105.35277223890135,,,,,,,,,,,,,,
drift,random,4,956,3,1,0.15176857181632286,105.50454081071767,,,,,,,,,,,,,,
drift,random,4,957,1,1,0.07517902302704582,105.57971983374472,,,,,,,,,,,,,,
drift,random,4,958,0,0,0.0009730043331109828,105.58069283807782,,,,,,,,,,,,,,
drift,random,4,959,4,0,0.10967165866472717,105.69036449674255,,,,,,,,,,,,,,
drift,random,4,960,7,1,0.0,105.69036449674255,,,,,,,,,,,,,,
drift,random,4,961,1,0,0.07566996143304527,105.7660344581756,,,,,,,,,,,,,,
drift,random,4,962,2,0,0.2688501884745531,106.03488464665016,,,,,,,,,,,,,,
drift,random,4,963,6,0,0.40851193564283933,106.44339658229299,,,,,,,,,,,,,,
drift,random,4,964,2,1,0.2698985833339527,106.71329516562695,,,,,,,,,,,,,,
drift,random,4,965,7,1,0.0,106.71329516562695,,,,,,,,,,,,,,
drift,random,4,966,8,0,0.28071118445238913,106.99400635007933,,,,,,,,,,,,,,
drift,random,4,967,1,0,0.07639913694168898,107.07040548702102,,,,,,,,,,,,,,
drift,random,4,968,2,0,0.2719912816602551,107.34239676868127,,,,,,,,,,,,,,
drift,random,4,969,8,0,0.28234010364516804,107.62473687232644,,,,,,,,,,,,,,
drift,random,4,970,7,1,0.0,107.62473687232644,,,,,,,,,,,,,,
drift,random,4,971,4,0,0.11191717038517157,107.7366540427116,,,,,,,,,,,,,,
drift,random,4,972,9,1,0.43090417201473596,108.16755821472634,,,,,,,,,,,,,,
drift,random,4,973,5,0,0.12569787752973427,108.29325609225607,,,,,,,,,,,,,,
drift,random,4,974,8,1,0.28504802924591943,108.57830412150199,,,,,,,,,,,,,,
drift,random,4,975,0,1,0.0009949902736912097,108.57929911177568,,,,,,,,,,,,,,
drift,random,4,976,8,0,0.2861287621449697,108.86542787392065,,,,,,,,,,,,,,
drift,random,4,977,9,1,0.43487676159535243,109.300304635516,,,,,,,,,,,,,,
drift,random,4,978,5,0,0.12674883221536248,109.42705346773135,,,,,,,,,,,,,,
drift,random,4,979,4,1,0.11339046532590402,109.54044393305726,,,,,,,,,,,,,,
drift,random,4,980,7,1,0.0,109.54044393305726,,,,,,,,,,,,,,
drift,random,4,981,7,1,0.0,109.54044393305726,,,,,,,,,,,,,,
drift,random,4,982,6,0,0.42324117356457086,109.96368510662184,,,,,,,,,,,,,,
drift,random,4,983,2,1,0.27978995895141007,110.24347506557325,,,,,,,,,,,,,,
drift,random,4,984,4,1,0.11430157056491175,110.35777663613815,,,,,,,,,,,,,,
drift,random,4,985,9,0,0.4411978118306732,110.79897444796883,,,,,,,,,,,,,,
drift,random,4,986,4,1,0.11466391382912489,110.91363836179795,,,,,,,,,,,,,,
drift,random,4,987,6,0,0.4270806599116997,111.34071902170965,,,,,,,,,,,,,,
drift,random,4,988,2,0,0.28237220764128607,111.62309122935093,,,,,,,,,,,,,,
drift,random,4,989,0,0,0.0010121472571126278,111.62410337660805,,,,,,,,,,,,,,
drift,random,4,990,2,1,0.2834026665731273,111.90750604318117,,,,,,,,,,,,,,
drift,random,4,991,6,0,0.43014115514343354,112.3376471983246,,,,,,,,,,,,,,
drift,random,4,992,9,0,0.4466930765245824,112.78434027484919,,,,,,,,,,,,,,
drift,random,4,993,6,0,0.431667691561252,113.21600796641044,,,,,,,,,,,,,,
drift,random,4,994,2,0,0.28545938653031383,113.50146735294076,,,,,,,,,,,,,,
drift,random,4,995,6,0,0.4331917475328783,113.93465910047364,,,,,,,,,,,,,,
drift,random,4,996,3,1,0.16265117534995233,114.09731027582359,,,,,,,,,,,,,,
drift,random,4,997,9,0,0.45059776847819116,114.54790804430178,,,,,,,,,,,,,,
drift,random,4,998,2,1,0.287510492536828,114.8354185368386,,,,,,,,,,,,,,
drift,random,4,999,0,0,0.0010238766611937455,114.8364424134998,,,,,,,,,,,,,,
drift,random,4,1000,7,1,0.0,114.8364424134998,,,,,,,,,,,,,,
