scenario,algorithm,seed,final_dynamic_pseudo_regret,reward,first_100_regret_per_step,first_100_prediction_rmse,prechange_100_regret_per_step,prechange_100_prediction_rmse,postchange_100_regret_per_step,postchange_100_prediction_rmse,last_100_regret_per_step,last_100_prediction_rmse
abrupt,random,0,231.95166861436243,504,0.24986020457218072,,0.27160318919776616,,0.21950833362877195,,0.2045415569074933,
abrupt,random,1,226.07341652209982,466,0.2688037214476147,,0.28361295634910283,,0.21161258877811892,,0.21943713016682215,
abrupt,random,2,227.47023399246962,496,0.25328694122834733,,0.250007314873709,,0.2058332579931093,,0.1950638642129662,
abrupt,random,3,223.5320535829396,481,0.25591261830241735,,0.2698577840569997,,0.17022676185679547,,0.20511001253127706,
abrupt,random,4,221.8000881134258,502,0.24208375298039886,,0.23526769267956035,,0.1898841782239316,,0.19948383856356325,
abrupt,omd_paper_v2_literal,0,130.9974755060472,596,0.10327559928774244,0.1479926492686856,0.107987957690662,0.1088773678101912,0.212634038941911,0.22892412289894715,0.10756072643833096,0.19671173422863397
abrupt,omd_paper_v2_literal,1,119.70312661397706,619,0.08668863482518374,0.14910730455733368,0.05879932011859234,0.12282161430003384,0.1574331563403038,0.2425961326018525,0.196290530571733,0.20284169546651046
abrupt,omd_paper_v2_literal,2,119.46286545634943,589,0.054509323858045994,0.1463670009582236,0.07034986776243154,0.10835076564796499,0.17575004185786788,0.22243956451711727,0.09975941813385844,0.1831706558388078
abrupt,omd_paper_v2_literal,3,119.02651930574235,586,0.0481907947010343,0.14614389960088803,0.04591576040972959,0.0956512880657206,0.1799294476631177,0.22820272722327634,0.10844534480741902,0.1899040318344873
abrupt,omd_paper_v2_literal,4,122.35393380011597,600,0.08237672920095628,0.15034183475521087,0.08220961468078275,0.11551475987943163,0.1653089964068957,0.23616860120747912,0.18719224715711555,0.1966075910249492
drift,random,0,118.44955498078453,510,0.22845586839350696,,0.0301187915254674,,0.025447998012409778,,0.1867872848562482,
drift,random,1,117.70618460900371,468,0.2450679537613869,,0.030445272975353196,,0.02231522054602578,,0.20194332249929928,
drift,random,2,117.66938505479095,492,0.2311021124803933,,0.025534209610126618,,0.021568911250790492,,0.17639123728494233,
drift,random,3,116.93807502522789,489,0.2338549409837983,,0.03005121381974367,,0.01824360939796089,,0.18746599158589983,
drift,random,4,114.8364424134998,513,0.22075691937409617,,0.02444193325063352,,0.018944188116020454,,0.18318770742534196,
drift,omd_paper_v2_literal,0,54.4642615710933,571,0.09354802023521301,0.13388786442257886,0.022399274190012548,0.03400398104703271,0.025647791144112704,0.05581743792633411,0.06907551790929055,0.13804667430884393
drift,omd_paper_v2_literal,1,46.61234565722433,568,0.08636777514815278,0.13719691205703416,0.023949557700108447,0.06126472891621636,0.021919291229529462,0.07635373728130357,0.019711425707940183,0.15152640424501357
drift,omd_paper_v2_literal,2,50.804436190667744,567,0.09210022076895212,0.1352994603638473,0.020025356771733525,0.03886028034109692,0.01778165599482587,0.061548186844220705,0.0799291880435199,0.14927095861005385
drift,omd_paper_v2_literal,3,46.352610848972624,564,0.059032403063754325,0.13430841692350087,0.016337639973295532,0.028526346038609325,0.006751012570164592,0.04955575844955631,0.0247499375661307,0.12897859708720197
drift,omd_paper_v2_literal,4,48.12382028100002,546,0.11690476984195343,0.13890104172965176,0.022083201018355952,0.02598387851660688,0.017880992518277492,0.04852282538280844,0.03586823056051344,0.13607525537358056
