algorithm,n,eval_index,predicted_probability,true_probability
omd,10,0,0.4296218995313417,0.720345522393721
omd,10,1,0.4324622487930892,0.6924925141865218
omd,10,2,0.43787643911893365,0.6561587968411667
omd,10,3,0.4456756580536963,0.6120206272201574
omd,10,4,0.45558031935129994,0.5616566117763419
omd,10,5,0.4672240366013781,0.5076084388281474
omd,10,6,0.4801628227082334,0.4530919782348032
omd,10,7,0.4938908767104704,0.40141440140168044
omd,10,8,0.507862874370796,0.35534881130485
omd,10,9,0.5215209770255765,0.31674851979816093
omd,10,10,0.5343234225500735,0.28651768895485963
omd,10,11,0.5457710915433732,0.2648524184680061
omd,10,12,0.5554290427852179,0.25157928297639975
omd,10,13,0.5629414404443956,0.24645308413003278
omd,10,14,0.5680399970708735,0.24934986738809736
omd,10,15,0.5705474326952211,0.26034170520357663
omd,10,16,0.5703781004686583,0.2796544776062791
omd,10,17,0.5675377512069107,0.30750748581347814
omd,10,18,0.5621235608810664,0.34384120315883326
omd,10,19,0.5543243419463036,0.3879793727798426
omd,10,20,0.5444196806487,0.438343388223658
omd,10,21,0.532775963398622,0.4923915611718525
omd,10,22,0.5198371772917667,0.5469080217651968
omd,10,23,0.5061091232895296,0.5985855985983197
omd,10,24,0.492137125629204,0.6446511886951499
omd,10,25,0.4784790229744235,0.683251480201839
omd,10,26,0.4656765774499266,0.7134823110451403
omd,10,27,0.4542289084566267,0.7351475815319939
omd,10,28,0.4445709572147822,0.7484207170236002
omd,10,29,0.43705855955560446,0.7535469158699672
omd,10,30,0.4319600029291265,0.7506501326119026
omd,10,31,0.42945256730477877,0.7396582947964233
batch,10,0,0.5,0.720345522393721
batch,10,1,0.5,0.6924925141865218
batch,10,2,0.5,0.6561587968411667
batch,10,3,0.5,0.6120206272201574
batch,10,4,0.5,0.5616566117763419
batch,10,5,0.5,0.5076084388281474
batch,10,6,0.5,0.4530919782348032
batch,10,7,0.5,0.40141440140168044
batch,10,8,0.5,0.35534881130485
batch,10,9,0.5,0.31674851979816093
batch,10,10,0.5,0.28651768895485963
batch,10,11,0.5,0.2648524184680061
batch,10,12,0.5,0.25157928297639975
batch,10,13,0.5,0.24645308413003278
batch,10,14,0.5,0.24934986738809736
batch,10,15,0.5,0.26034170520357663
batch,10,16,0.5,0.2796544776062791
batch,10,17,0.5,0.30750748581347814
batch,10,18,0.5,0.34384120315883326
batch,10,19,0.5,0.3879793727798426
batch,10,20,0.5,0.438343388223658
batch,10,21,0.5,0.4923915611718525
batch,10,22,0.5,0.5469080217651968
batch,10,23,0.5,0.5985855985983197
batch,10,24,0.5,0.6446511886951499
batch,10,25,0.5,0.683251480201839
batch,10,26,0.5,0.7134823110451403
batch,10,27,0.5,0.7351475815319939
batch,10,28,0.5,0.7484207170236002
batch,10,29,0.5,0.7535469158699672
batch,10,30,0.5,0.7506501326119026
batch,10,31,0.5,0.7396582947964233
omd,25,0,0.7149457142660556,0.720345522393721
omd,25,1,0.7173422018360346,0.6924925141865218
omd,25,2,0.7124504386290482,0.6561587968411667
omd,25,3,0.7002411798165661,0.6120206272201574
omd,25,4,0.6806961256570089,0.5616566117763419
omd,25,5,0.6539412307641391,0.5076084388281474
omd,25,6,0.6204333912185694,0.4530919782348032
omd,25,7,0.5811469876541766,0.40141440140168044
omd,25,8,0.537676983182118,0.35534881130485
omd,25,9,0.49217614738256676,0.31674851979816093
omd,25,10,0.44710186482235825,0.28651768895485963
omd,25,11,0.40484568336784066,0.2648524184680061
omd,25,12,0.36738893027399994,0.25157928297639975
omd,25,13,0.3361115858112322,0.24645308413003278
omd,25,14,0.3117932077040302,0.24934986738809736
omd,25,15,0.29475494434682864,0.26034170520357663
omd,25,16,0.2850542857339443,0.2796544776062791
omd,25,17,0.28265779816396547,0.30750748581347814
omd,25,18,0.2875495613709517,0.34384120315883326
omd,25,19,0.29975882018343386,0.3879793727798426
omd,25,20,0.31930387434299107,0.438343388223658
omd,25,21,0.3460587692358608,0.4923915611718525
omd,25,22,0.37956660878143045,0.5469080217651968
omd,25,23,0.4188530123458234,0.5985855985983197
omd,25,24,0.46232301681788185,0.6446511886951499
omd,25,25,0.5078238526174332,0.683251480201839
omd,25,26,0.5528981351776417,0.7134823110451403
omd,25,27,0.5951543166321595,0.7351475815319939
omd,25,28,0.632611069726,0.7484207170236002
omd,25,29,0.6638884141887679,0.7535469158699672
omd,25,30,0.6882067922959698,0.7506501326119026
omd,25,31,0.7052450556531714,0.7396582947964233
batch,25,0,0.6535206645255435,0.720345522393721
batch,25,1,0.6502575710419566,0.6924925141865218
batch,25,2,0.6415181260665723,0.6561587968411667
batch,25,3,0.6274710380974472,0.6120206272201574
batch,25,4,0.6084424133256803,0.5616566117763419
batch,25,5,0.5849720220077356,0.5076084388281474
batch,25,6,0.5578588550594906,0.4530919782348032
batch,25,7,0.5281705353047945,0.40141440140168044
batch,25,8,0.49719789826630884,0.35534881130485
batch,25,9,0.4663539466778126,0.31674851979816093
batch,25,10,0.4370391099191604,0.28651768895485963
batch,25,11,0.4105100694148148,0.2648524184680061
batch,25,12,0.38778774082742506,0.25157928297639975
batch,25,13,0.36962241989660255,0.24645308413003278
batch,25,14,0.35651142747633296,0.24934986738809736
batch,25,15,0.3487484849681757,0.26034170520357663
batch,25,16,0.34647933547445653,0.2796544776062791
batch,25,17,0.34974242895804336,0.30750748581347814
batch,25,18,0.3584818739334277,0.34384120315883326
batch,25,19,0.37252896190255275,0.3879793727798426
batch,25,20,0.3915575866743196,0.438343388223658
batch,25,21,0.41502797799226443,0.4923915611718525
batch,25,22,0.4421411449405094,0.5469080217651968
batch,25,23,0.47182946469520554,0.5985855985983197
batch,25,24,0.5028021017336911,0.6446511886951499
batch,25,25,0.5336460533221874,0.683251480201839
batch,25,26,0.5629608900808396,0.7134823110451403
batch,25,27,0.5894899305851852,0.7351475815319939
batch,25,28,0.6122122591725749,0.7484207170236002
batch,25,29,0.6303775801033974,0.7535469158699672
batch,25,30,0.6434885725236671,0.7506501326119026
batch,25,31,0.6512515150318243,0.7396582947964233
omd,50,0,0.7514531433604129,0.720345522393721
omd,50,1,0.7120819856315894,0.6924925141865218
omd,50,2,0.6614714920616204,0.6561587968411667
omd,50,3,0.6007179787208075,0.6120206272201574
omd,50,4,0.5327928070955443,0.5616566117763419
omd,50,5,0.46237474092501957,0.5076084388281474
omd,50,6,0.3948101166795004,0.4530919782348032
omd,50,7,0.3346843066392344,0.40141440140168044
omd,50,8,0.28483429688898104,0.35534881130485
omd,50,9,0.24624117584930655,0.31674851979816093
omd,50,10,0.21858661144815675,0.28651768895485963
omd,50,11,0.20098862598930325,0.2648524184680061
omd,50,12,0.19258592352381596,0.25157928297639975
omd,50,13,0.1928836136760778,0.24645308413003278
omd,50,14,0.20190015406460604,0.24934986738809736
omd,50,15,0.22016240808742846,0.26034170520357663
omd,50,16,0.24854685663958714,0.2796544776062791
omd,50,17,0.2879180143684105,0.30750748581347814
omd,50,18,0.33852850793837963,0.34384120315883326
omd,50,19,0.39928202127919254,0.3879793727798426
omd,50,20,0.4672071929044555,0.438343388223658
omd,50,21,0.5376252590749804,0.4923915611718525
omd,50,22,0.6051898833204996,0.5469080217651968
omd,50,23,0.6653156933607657,0.5985855985983197
omd,50,24,0.7151657031110189,0.6446511886951499
omd,50,25,0.7537588241506934,0.683251480201839
omd,50,26,0.7814133885518433,0.7134823110451403
omd,50,27,0.7990113740106968,0.7351475815319939
omd,50,28,0.807414076476184,0.7484207170236002
omd,50,29,0.8071163863239221,0.7535469158699672
omd,50,30,0.798099845935394,0.7506501326119026
omd,50,31,0.7798375919125715,0.7396582947964233
batch,50,0,0.7220465840952508,0.720345522393721
batch,50,1,0.6941504560917076,0.6924925141865218
batch,50,2,0.6576992799329728,0.6561587968411667
batch,50,3,0.6133519853054495,0.6120206272201574
batch,50,4,0.5626829802328009,0.5616566117763419
batch,50,5,0.5082505859443707,0.5076084388281474
batch,50,6,0.45330752106721,0.4530919782348032
batch,50,7,0.4012070380763219,0.40141440140168044
batch,50,8,0.35476195799056903,0.35534881130485
batch,50,9,0.3158480412409409,0.31674851979816093
batch,50,10,0.28537321891974043,0.28651768895485963
batch,50,11,0.2635245263929141,0.2648524184680061
batch,50,12,0.25011456737029325,0.25157928297639975
batch,50,13,0.2448856838979085,0.24645308413003278
batch,50,14,0.247706977443491,0.24934986738809736
batch,50,15,0.2586512209817219,0.26034170520357663
batch,50,16,0.2779534159047492,0.2796544776062791
batch,50,17,0.3058495439082924,0.30750748581347814
batch,50,18,0.34230072006702716,0.34384120315883326
batch,50,19,0.38664801469455046,0.3879793727798426
batch,50,20,0.43731701976719894,0.438343388223658
batch,50,21,0.4917494140556294,0.4923915611718525
batch,50,22,0.5466924789327899,0.5469080217651968
batch,50,23,0.5987929619236783,0.5985855985983197
batch,50,24,0.6452380420094308,0.6446511886951499
batch,50,25,0.6841519587590591,0.683251480201839
batch,50,26,0.7146267810802596,0.7134823110451403
batch,50,27,0.736475473607086,0.7351475815319939
batch,50,28,0.7498854326297067,0.7484207170236002
batch,50,29,0.7551143161020915,0.7535469158699672
batch,50,30,0.752293022556509,0.7506501326119026
batch,50,31,0.7413487790182781,0.7396582947964233
omd,100,0,0.7650765097294179,0.720345522393721
omd,100,1,0.7149635108113981,0.6924925141865218
omd,100,2,0.6509397150593437,0.6561587968411667
omd,100,3,0.5751225350383393,0.6120206272201574
omd,100,4,0.49268964108815827,0.5616566117763419
omd,100,5,0.4109243352991124,0.5076084388281474
omd,100,6,0.33688487360772934,0.4530919782348032
omd,100,7,0.27523054906079336,0.40141440140168044
omd,100,8,0.22757192846834287,0.35534881130485
omd,100,9,0.19326436439664546,0.31674851979816093
omd,100,10,0.170669722821516,0.28651768895485963
omd,100,11,0.15814615052203335,0.2648524184680061
omd,100,12,0.15459225199051468,0.25157928297639975
omd,100,13,0.15967119776193212,0.24645308413003278
omd,100,14,0.17386109981817913,0.24934986738809736
omd,100,15,0.19838110436101203,0.26034170520357663
omd,100,16,0.23492349027058207,0.2796544776062791
omd,100,17,0.28503648918860175,0.30750748581347814
omd,100,18,0.3490602849406563,0.34384120315883326
omd,100,19,0.42487746496166057,0.3879793727798426
omd,100,20,0.5073103589118415,0.438343388223658
omd,100,21,0.5890756647008877,0.4923915611718525
omd,100,22,0.6631151263922705,0.5469080217651968
omd,100,23,0.7247694509392067,0.5985855985983197
omd,100,24,0.7724280715316569,0.6446511886951499
omd,100,25,0.8067356356033546,0.683251480201839
omd,100,26,0.829330277178484,0.7134823110451403
omd,100,27,0.8418538494779666,0.7351475815319939
omd,100,28,0.8454077480094854,0.7484207170236002
omd,100,29,0.8403288022380678,0.7535469158699672
omd,100,30,0.8261389001818209,0.7506501326119026
omd,100,31,0.8016188956389879,0.7396582947964233
batch,100,0,0.7596108732876764,0.720345522393721
batch,100,1,0.7186684482785118,0.6924925141865218
batch,100,2,0.6657763676135858,0.6561587968411667
batch,100,3,0.6020316066088486,0.6120206272201574
batch,100,4,0.5306674146133838,0.5616566117763419
batch,100,5,0.45685512949030604,0.5076084388281474
batch,100,6,0.38646532061179667,0.4530919782348032
batch,100,7,0.32440135502575684,0.40141440140168044
batch,100,8,0.27351761879668157,0.35534881130485
batch,100,9,0.23459598891281788,0.31674851979816093
batch,100,10,0.20705236572034894,0.28651768895485963
batch,100,11,0.18978167271402582,0.2648524184680061
batch,100,12,0.1817856952789096,0.25157928297639975
batch,100,13,0.18252205438369482,0.24645308413003278
batch,100,14,0.19204281279100313,0.24934986738809736
batch,100,15,0.21098246723349545,0.26034170520357663
batch,100,16,0.24038912671232363,0.2796544776062791
batch,100,17,0.2813315517214881,0.30750748581347814
batch,100,18,0.3342236323864141,0.34384120315883326
batch,100,19,0.3979683933911513,0.3879793727798426
batch,100,20,0.46933258538661593,0.438343388223658
batch,100,21,0.543144870509694,0.4923915611718525
batch,100,22,0.6135346793882034,0.5469080217651968
batch,100,23,0.6755986449742433,0.5985855985983197
batch,100,24,0.7264823812033183,0.6446511886951499
batch,100,25,0.765404011087182,0.683251480201839
batch,100,26,0.792947634279651,0.7134823110451403
batch,100,27,0.8102183272859741,0.7351475815319939
batch,100,28,0.8182143047210904,0.7484207170236002
batch,100,29,0.8174779456163052,0.7535469158699672
batch,100,30,0.8079571872089969,0.7506501326119026
batch,100,31,0.7890175327665044,0.7396582947964233
omd,200,0,0.7357698932257939,0.720345522393721
omd,200,1,0.6984003790652609,0.6924925141865218
omd,200,2,0.6509047140211933,0.6561587968411667
omd,200,3,0.5944523752851893,0.6120206272201574
omd,200,4,0.5317299836122572,0.5616566117763419
omd,200,5,0.4667728251110021,0.5076084388281474
omd,200,6,0.40415422510082555,0.4530919782348032
omd,200,7,0.3478852137347586,0.40141440140168044
omd,200,8,0.3006165434074686,0.35534881130485
omd,200,9,0.2634854429748051,0.31674851979816093
omd,200,10,0.23649451541006136,0.28651768895485963
omd,200,11,0.2190825954786847,0.2648524184680061
omd,200,12,0.21061850402942486,0.25157928297639975
omd,200,13,0.21071700265994986,0.24645308413003278
omd,200,14,0.21938287195869485,0.24934986738809736
omd,200,15,0.23700928858380668,0.26034170520357663
omd,200,16,0.26423010677420605,0.2796544776062791
omd,200,17,0.30159962093473913,0.30750748581347814
omd,200,18,0.3490952859788067,0.34384120315883326
omd,200,19,0.40554762471481054,0.3879793727798426
omd,200,20,0.46827001638774257,0.438343388223658
omd,200,21,0.5332271748889978,0.4923915611718525
omd,200,22,0.5958457748991745,0.5469080217651968
omd,200,23,0.6521147862652414,0.5985855985983197
omd,200,24,0.6993834565925313,0.6446511886951499
omd,200,25,0.7365145570251949,0.683251480201839
omd,200,26,0.7635054845899386,0.7134823110451403
omd,200,27,0.7809174045213153,0.7351475815319939
omd,200,28,0.7893814959705752,0.7484207170236002
omd,200,29,0.78928299734005,0.7535469158699672
omd,200,30,0.7806171280413051,0.7506501326119026
omd,200,31,0.7629907114161933,0.7396582947964233
batch,200,0,0.7360473803551028,0.720345522393721
batch,200,1,0.6967500598853823,0.6924925141865218
batch,200,2,0.6470839098885915,0.6561587968411667
batch,200,3,0.5883925501574457,0.6120206272201574
batch,200,4,0.5236500950630583,0.5616566117763419
batch,200,5,0.4571999176151648,0.5076084388281474
batch,200,6,0.3938120292875562,0.4530919782348032
batch,200,7,0.33750398149456606,0.40141440140168044
batch,200,8,0.29077154037491654,0.35534881130485
batch,200,9,0.2545336027504216,0.31674851979816093
batch,200,10,0.2286024911975287,0.28651768895485963
batch,200,11,0.2122990670621306,0.2648524184680061
batch,200,12,0.20494980374662103,0.25157928297639975
batch,200,13,0.20618750325387614,0.24645308413003278
batch,200,14,0.21607678699384866,0.24934986738809736
batch,200,15,0.23509355256839898,0.26034170520357663
batch,200,16,0.26395261964489725,0.2796544776062791
batch,200,17,0.3032499401146176,0.30750748581347814
batch,200,18,0.35291609011140845,0.34384120315883326
batch,200,19,0.41160744984255415,0.3879793727798426
batch,200,20,0.4763499049369417,0.438343388223658
batch,200,21,0.5428000823848352,0.4923915611718525
batch,200,22,0.6061879707124438,0.5469080217651968
batch,200,23,0.6624960185054339,0.5985855985983197
batch,200,24,0.7092284596250834,0.6446511886951499
batch,200,25,0.7454663972495784,0.683251480201839
batch,200,26,0.7713975088024713,0.7134823110451403
batch,200,27,0.7877009329378695,0.7351475815319939
batch,200,28,0.7950501962533789,0.7484207170236002
batch,200,29,0.7938124967461239,0.7535469158699672
batch,200,30,0.7839232130061514,0.7506501326119026
batch,200,31,0.764906447431601,0.7396582947964233
