algorithm,n,prediction_rmse,zero_prediction_rmse,parameter_error,last_call_seconds,cumulative_call_seconds,array_payload_bytes,batch_success,batch_accepted,e8_theta_max_abs_difference
omd,10,0.22986646104799696,0.18370377801945378,1.3802359994693063,0.0001531349998913356,0.0015018079984656652,48,,,
batch,10,0.18370377801945378,0.18370377801945378,1.118033988749895,0.0004271140005585039,0.0004271140005585039,240,True,True,0.0
omd,25,0.12334572659456015,0.18370377801945378,0.7470791179981282,5.8309999985795e-05,0.0028705229988190695,48,,,
batch,25,0.1064537024613038,0.18370377801945378,0.6622950690738196,0.000405366000450158,0.0008324800010086619,600,True,True,0.0
omd,50,0.05067596018933031,0.18370377801945378,0.3623363358990804,8.909600001061335e-05,0.004685736999817891,48,,,
batch,50,0.0012681323670837533,0.18370377801945378,0.008839622812601642,0.0005217420002736617,0.0013542220012823236,1200,True,True,0.0
omd,100,0.09023674659716208,0.18370377801945378,0.6689281328432645,7.044700032565743e-05,0.009650766998674953,48,,,
batch,100,0.05937174531348335,0.18370377801945378,0.43256272414101726,0.0005237570003373548,0.0018779790016196785,2400,True,True,0.0
omd,200,0.038127694561616146,0.18370377801945378,0.2606727861647093,8.876900028553791e-05,0.017801105008402374,48,,,
batch,200,0.04485157481026365,0.18370377801945378,0.3064802970154933,0.0008078549999481766,0.002685834001567855,4800,True,True,0.0
