step,select_seconds,update_seconds,logging_seconds,update_linear_solve_seconds,update_other_seconds,projection_inclusive_seconds,array_payload_bytes,projection_active
1,4.959999984066599e-06,2.6299997557543975e-07,3.880999997818435e-06,0.0,2.6299997557543975e-07,0.0,0,False
2,1.954999987674455e-06,1.260000033198594e-07,2.8629999917484383e-06,0.0,1.260000033198594e-07,0.0,0,False
3,1.327999996192375e-06,9.300001124756818e-08,2.077999994298807e-06,0.0,9.300001124756818e-08,0.0,0,False
4,1.1199999789823778e-06,7.199997753559728e-08,2.749000003632318e-06,0.0,7.199997753559728e-08,0.0,0,False
5,1.42499999356005e-06,7.900001719463035e-08,2.657999999655658e-06,0.0,7.900001719463035e-08,0.0,0,False
6,1.2030000107188243e-06,7.699998150201282e-08,2.0509999956175307e-06,0.0,7.699998150201282e-08,0.0,0,False
7,8.979999961411522e-07,7.200000595730671e-08,2.237999979115557e-06,0.0,7.200000595730671e-08,0.0,0,False
8,1.0880000047563954e-06,7.200000595730671e-08,2.433999981121815e-06,0.0,7.200000595730671e-08,0.0,0,False
9,9.469999895372894e-07,9.499999009676685e-08,1.996999998254978e-06,0.0,9.499999009676685e-08,0.0,0,False
10,9.389999888753664e-07,4.999998282073648e-08,2.205000015464975e-06,0.0,4.999998282073648e-08,0.0,0,False
11,8.540000067114306e-07,4.4999978854320943e-08,2.3300000009385258e-06,0.0,4.4999978854320943e-08,0.0,0,False
12,8.639999862225523e-07,7.899998877292091e-08,2.0139999890034233e-06,0.0,7.899998877292091e-08,0.0,0,False
13,8.080000100108009e-07,5.500001520886144e-08,2.1299999843904516e-06,0.0,5.500001520886144e-08,0.0,0,False
14,8.179999895219225e-07,6.300001587078441e-08,2.1209999943039293e-06,0.0,6.300001587078441e-08,0.0,0,False
15,9.440000212634914e-07,6.000001917527698e-08,2.182999992328405e-06,0.0,6.000001917527698e-08,0.0,0,False
16,8.490000027450151e-07,4.7000014546938473e-08,2.122000012150238e-06,0.0,4.7000014546938473e-08,0.0,0,False
17,8.620000073733536e-07,4.899999339613714e-08,2.0690000042122847e-06,0.0,4.899999339613714e-08,0.0,0,False
18,8.770000192726002e-07,5.299997951624391e-08,2.096000002893561e-06,0.0,5.299997951624391e-08,0.0,0,False
19,8.2099998621743e-07,4.899999339613714e-08,2.0249999863608537e-06,0.0,4.899999339613714e-08,0.0,0,False
20,8.280000002969246e-06,1.6600000662947423e-07,3.4650000202418596e-06,0.0,1.6600000662947423e-07,0.0,0,False
21,1.6710000068087538e-06,9.699999736767495e-08,2.574999996340921e-06,0.0,9.699999736767495e-08,0.0,0,False
22,1.2280000021291926e-06,9.400000067216752e-08,2.332999997634033e-06,0.0,9.400000067216752e-08,0.0,0,False
23,1.103000016655642e-06,6.599998414458241e-08,2.1330000095076684e-06,0.0,6.599998414458241e-08,0.0,0,False
24,1.0750000001280569e-06,9.199999340125942e-08,2.0200000108161476e-06,0.0,9.199999340125942e-08,0.0,0,False
25,8.660000219151698e-07,5.500001520886144e-08,2.1650000121553603e-06,0.0,5.500001520886144e-08,0.0,0,False
26,9.110000007694907e-07,6.199999802447564e-08,2.2529999910148035e-06,0.0,6.199999802447564e-08,0.0,0,False
27,9.110000007694907e-07,5.000001124244591e-08,2.4500000108673703e-06,0.0,5.000001124244591e-08,0.0,0,False
28,9.579999868947198e-07,5.699999405806011e-08,1.948000004858841e-06,0.0,5.699999405806011e-08,0.0,0,False
29,8.840000020882144e-07,4.999998282073648e-08,2.1650000121553603e-06,0.0,4.999998282073648e-08,0.0,0,False
30,7.879999941451388e-07,5.000001124244591e-08,2.1810000134792062e-06,0.0,5.000001124244591e-08,0.0,0,False
31,8.81000005392707e-07,5.5999976211751346e-08,2.0139999890034233e-06,0.0,5.5999976211751346e-08,0.0,0,False
32,8.270000080301543e-07,5.999999075356754e-08,2.1879999962948204e-06,0.0,5.999999075356754e-08,0.0,0,False
33,9.110000007694907e-07,4.399998942972161e-08,1.8820000207142584e-06,0.0,4.399998942972161e-08,0.0,0,False
34,9.430000034171826e-07,4.800000397153781e-08,2.231999985724542e-06,0.0,4.800000397153781e-08,0.0,0,False
35,8.879999882083212e-07,4.599999670062971e-08,2.047000009497424e-06,0.0,4.599999670062971e-08,0.0,0,False
36,9.039999895321671e-07,4.3000000005122274e-08,1.8519999969157652e-06,0.0,4.3000000005122274e-08,0.0,0,False
37,9.040000179538765e-07,4.7000014546938473e-08,1.9790000180819334e-06,0.0,4.7000014546938473e-08,0.0,0,False
38,7.980000020779698e-07,4.599999670062971e-08,2.019999982394438e-06,0.0,4.599999670062971e-08,0.0,0,False
39,7.950000053824624e-07,4.5000007276030374e-08,1.962999988336378e-06,0.0,4.5000007276030374e-08,0.0,0,False
40,8.019999881980766e-07,6.400000529538374e-08,2.1399999923232826e-06,0.0,6.400000529538374e-08,0.0,0,False
41,7.829999901787232e-07,4.5000007276030374e-08,2.0190000213915482e-06,0.0,4.5000007276030374e-08,0.0,0,False
42,9.549999901992123e-07,4.899999339613714e-08,1.9890000260147644e-06,0.0,4.899999339613714e-08,0.0,0,False
43,8.499999921696144e-07,4.699998612522904e-08,2.064000000245869e-06,0.0,4.699998612522904e-08,0.0,0,False
44,9.080000040739833e-07,4.599999670062971e-08,2.1959999969567434e-06,0.0,4.599999670062971e-08,0.0,0,False
45,8.819999948173063e-07,4.399998942972161e-08,2.0319999975981773e-06,0.0,4.399998942972161e-08,0.0,0,False
46,8.5499999613603e-07,4.599999670062971e-08,2.0529999744667293e-06,0.0,4.599999670062971e-08,0.0,0,False
47,7.989999915025692e-07,4.3000000005122274e-08,2.0219999896653462e-06,0.0,4.3000000005122274e-08,0.0,0,False
48,7.530000232236489e-07,5.000001124244591e-08,1.9759999929647165e-06,0.0,5.000001124244591e-08,0.0,0,False
49,8.089999994354002e-07,4.4999978854320943e-08,2.047000009497424e-06,0.0,4.4999978854320943e-08,0.0,0,False
50,8.250000007592462e-07,4.800000397153781e-08,1.958000012791672e-06,0.0,4.800000397153781e-08,0.0,0,False
